// This table pasted into App5-4A_SpaceBySpace-T24N_2019.csv,,,,,,,,,,,,,,,,,,,,,,,,,,,,,,,,,,,,,,,
TABLE SpaceFunctionData,,,,,,,,,,,,,,,,,,,,,,,,,,,,,,,,,,,,,,,
,FuncType,VentSpcFuncDef,OccDens,OccVentFrac,OccSensHtRt,OccLatHtRt,RecptPwrDens,HotWtrHrlyUsePerPers,BaseWtrHtrType,IntLPDReg,AllowType1,AllowArea1,AllowType2,AllowArea2,ClgUMLHLimit,HtgUMLHLimit,GasEqpPwrDens,CommRfrgEPD,IllumSetptMin,IllumSetptMax,IllumSetptAdjFacPri,IllumSetptAdjFacSec,FuncSchGrp,OccSchRef,RecptSchRef,HotWtrHtgSchRef,IntLtgRegSchRef,GasEqpSchRef,CommRfrgEqpSchRef,InfSchRef,AvailSchRef,HtgTstatSchRef,ClgTstatSchRef,ElevSchRef,EscalSchRef,WtrHtrTempSetptSchRef,SpcFuncIdx,HlthCareEligible,; 
,//SpaceBySpace,,# per 1000 ft²,,Btu / occupant,Btu / occupant,Load W/ft²,Gal/h per person,,W/ft²,,W/ft²,,W/ft²,Hrs,Hrs,Btu/h-ft2,W/ft2,lux,lux,,,,Occupancy Schedule,Receptacle Schedule,Hot Water Schedule,Regulated Lighting Schedule,Gas Equipment Schedule,Refrigeration Schedule,Infiltration Schedule,Availability Sched,Heating Setpoint Schedule (F),Cooling Setpoint Schedule (F),Elevator Schedule,Escalator Schedule,Water Heater Temperature Setpoint Schedule,Space Function Index,Is Eligible for Healthcare Exemption,; 
,Audience Seating Area,Assembly - Auditorium seating area,142.86,0.5,245,105,1,0.09,Electric,0.6,Ornamental,0.3,0,0,150,150,0,0,50,1000,1.5,2,Assembly,AssemblyOccupancy,AssemblyReceptacle,AssemblyServiceHotWater,AssemblyLights,AssemblyGasEquip,AssemblyRefrigeration,AssemblyInfiltration,AssemblyHVACAvail,AssemblyHtgSetpt,AssemblyClgSetpt,AssemblyElevator,AssemblyEscalator,AssemblyWtrHtrSetpt,202,1,; 
,Auditorium Area,Assembly - Auditorium seating area,142.86,0.5,245,105,1,0.09,Electric,0.7,Ornamental,0.3,"Accent, display and feature (Note 3)",0.2,150,150,0,0,50,1000,1.5,2,Assembly,AssemblyOccupancy,AssemblyReceptacle,AssemblyServiceHotWater,AssemblyLights,AssemblyGasEquip,AssemblyRefrigeration,AssemblyInfiltration,AssemblyHVACAvail,AssemblyHtgSetpt,AssemblyClgSetpt,AssemblyElevator,AssemblyEscalator,AssemblyWtrHtrSetpt,203,1,; 
,Auto Repair / Maintenance Area,Exhaust - Auto repair rooms,10,0.5,275,475,1,0.18,Gas,0.55,Detailed Task Work (Note 7),0.2,0,0,150,150,0.75064,0,200,1500,1.5,2,Manufacturing,ManufacturingOccupancy,ManufacturingReceptacle,ManufacturingServiceHotWater,ManufacturingLights,ManufacturingGasEquip,ManufacturingRefrigeration,ManufacturingInfiltration,ManufacturingHVACAvail,ManufacturingHtgSetpt,ManufacturingClgSetpt,ManufacturingElevator,ManufacturingEscalator,ManufacturingWtrHtrSetpt,204,1,; 
,Beauty Salon Area,Retail - Beauty and nail salons,10,0.5,250,200,2,0.18,Gas,0.8,Detailed Task Work (Note 7),0.2,Ornamental,0.3,150,150,0,0,500,500,1.5,2,Retail,RetailOccupancy,RetailReceptacle,RetailServiceHotWater,RetailLights,RetailGasEquip,RetailRefrigeration,RetailInfiltration,RetailHVACAvail,RetailHtgSetpt,RetailClgSetpt,RetailElevator,RetailEscalator,RetailWtrHtrSetpt,205,1,; 
,Civic Meeting Place Area,Assembly - Legislative chambers,66.67,0.5,250,200,1.5,0.18,Electric,1,Ornamental,0.3,0,0,150,150,0,0,30,300,1.5,2,Assembly,AssemblyOccupancy,AssemblyReceptacle,AssemblyServiceHotWater,AssemblyLights,AssemblyGasEquip,AssemblyRefrigeration,AssemblyInfiltration,AssemblyHVACAvail,AssemblyHtgSetpt,AssemblyClgSetpt,AssemblyElevator,AssemblyEscalator,AssemblyWtrHtrSetpt,206,1,; 
,"Classroom, Lecture, Training, Vocational Areas",Education - Classrooms (ages 9-18),50,0.5,245,155,1,0.18,Gas,0.7,White or Chalk Board (W/ft) (Note 1),4.5,0,0,150,150,0,0,50,500,1.5,2,School,SchoolOccupancy,SchoolReceptacle,SchoolServiceHotWater,SchoolLights,SchoolGasEquip,SchoolRefrigeration,SchoolInfiltration,SchoolHVACAvail,SchoolHtgSetpt,SchoolClgSetpt,SchoolElevator,SchoolEscalator,SchoolWtrHtrSetpt,207,1,; 
,Commercial/Industrial Storage (Refrigerated),Misc - Freezer and refrigerated spaces (<50F),0,0.5,275,475,0.2,0.18,Electric,0.45,0,0,0,0,8760,8760,0,10,50,300,1.5,2,Warehouse,WarehouseOccupancy,WarehouseReceptacle,WarehouseServiceHotWater,WarehouseLights,WarehouseGasEquip,WarehouseRefrigeration,WarehouseInfiltration,WarehouseHVACAvail,WarehouseHtgSetpt,WarehouseClgSetpt,WarehouseElevator,WarehouseEscalator,WarehouseWtrHtrSetpt,208,1,; 
,Commercial/Industrial Storage (Shipping & Handling),Misc - Shipping/receiving,5,0.5,275,475,0.5,0.18,Electric,0.6,0,0,0,0,8760,8760,0,0,50,300,1.5,2,Warehouse,WarehouseOccupancy,WarehouseReceptacle,WarehouseServiceHotWater,WarehouseLights,WarehouseGasEquip,WarehouseRefrigeration,WarehouseInfiltration,WarehouseHVACAvail,WarehouseHtgSetpt,WarehouseClgSetpt,WarehouseElevator,WarehouseEscalator,WarehouseWtrHtrSetpt,209,1,; 
,Commercial/Industrial Storage (Warehouse),Misc - Warehouses,2,0.5,275,475,0.2,0.18,Electric,0.45,0,0,0,0,8760,8760,0,0,50,300,1.5,2,Warehouse,WarehouseOccupancy,WarehouseReceptacle,WarehouseServiceHotWater,WarehouseLights,WarehouseGasEquip,WarehouseRefrigeration,WarehouseInfiltration,WarehouseHVACAvail,WarehouseHtgSetpt,WarehouseClgSetpt,WarehouseElevator,WarehouseEscalator,WarehouseWtrHtrSetpt,210,1,; 
,Computer Room,Misc - Computer (not printing),3,0.5,275,475,0,0.18,Electric,0.5,0,0,0,0,150,150,0,0,75,300,1,4,Data,DataOccupancy,DataReceptacle,DataServiceHotWater,DataLights,DataGasEquip,DataRefrigeration,DataInfiltration,DataHVACAvail,DataHtgSetpt,DataClgSetpt,DataElevator,DataEscalator,DataWtrHtrSetpt,211,1,; 
,Concourse and Atria Area,Retail - Mall common areas,33.33,0.5,250,250,0.5,0.18,Electric,0.9,Ornamental,0.3,0,0,150,150,0,0,100,300,1.5,2,Retail,RetailOccupancy,RetailReceptacle,RetailServiceHotWater,RetailLights,RetailGasEquip,RetailRefrigeration,RetailInfiltration,RetailHVACAvail,RetailHtgSetpt,RetailClgSetpt,RetailElevator,RetailEscalator,RetailWtrHtrSetpt,212,1,; 
,"Convention, Conference, Multipurpose and Meeting Area",General - Conference/meeting,66.67,0.5,245,155,1,0.09,Electric,0.85,Ornamental,0.3,0,0,150,150,0,0,30,300,1.5,2,Assembly,AssemblyOccupancy,AssemblyReceptacle,AssemblyServiceHotWater,AssemblyLights,AssemblyGasEquip,AssemblyRefrigeration,AssemblyInfiltration,AssemblyHVACAvail,AssemblyHtgSetpt,AssemblyClgSetpt,AssemblyElevator,AssemblyEscalator,AssemblyWtrHtrSetpt,213,1,; 
,Copy Room,"Exhaust - Copy, printing rooms",10,0.5,250,250,1,0.18,Electric,0.5,0,0,0,0,8760,8760,0,0,75,500,1.5,2,Office,OfficeOccupancy,OfficeReceptacle,OfficeServiceHotWater,OfficeLights,OfficeGasEquip,OfficeRefrigeration,OfficeInfiltration,OfficeHVACAvail,OfficeHtgSetpt,OfficeClgSetpt,OfficeElevator,OfficeEscalator,OfficeWtrHtrSetpt,214,1,; 
,Corridor Area,General - Corridors,10,0.5,250,250,0,0,Electric,0.6,0,0,0,0,8760,8760,0,0,50,100,1.5,2,Office,OfficeOccupancy,OfficeReceptacle,OfficeServiceHotWater,OfficeLights,OfficeGasEquip,OfficeRefrigeration,OfficeInfiltration,OfficeHVACAvail,OfficeHtgSetpt,OfficeClgSetpt,OfficeElevator,OfficeEscalator,OfficeWtrHtrSetpt,215,1,; 
,Dining Area (Bar/Lounge and Fine Dining),Food Service - Restaurant dining rooms,66.67,0.5,275,275,0.5,0.578,Gas,0.55,Ornamental,0.3,0,0,150,150,0,0,50,200,1.5,2,Restaurant,RestaurantOccupancy,RestaurantReceptacle,RestaurantServiceHotWater,RestaurantLights,RestaurantGasEquip,RestaurantRefrigeration,RestaurantInfiltration,RestaurantHVACAvail,RestaurantHtgSetpt,RestaurantClgSetpt,RestaurantElevator,RestaurantEscalator,RestaurantWtrHtrSetpt,216,1,; 
,Dining Area (Cafetaria/Fast Food),Food Service - Cafeteria/fast-food dining,66.67,0.5,275,275,0.5,0.578,Gas,0.4,Ornamental,0.3,0,0,150,150,0,0.25,50,200,1.5,2,Restaurant,RestaurantOccupancy,RestaurantReceptacle,RestaurantServiceHotWater,RestaurantLights,RestaurantGasEquip,RestaurantRefrigeration,RestaurantInfiltration,RestaurantHVACAvail,RestaurantHtgSetpt,RestaurantClgSetpt,RestaurantElevator,RestaurantEscalator,RestaurantWtrHtrSetpt,217,1,; 
,Dining Area (Family and Leisure),Food Service - Cafeteria/fast-food dining,66.67,0.5,275,275,0.5,0.578,Gas,0.5,Ornamental,0.3,0,0,150,150,0,0.25,50,200,1.5,2,Restaurant,RestaurantOccupancy,RestaurantReceptacle,RestaurantServiceHotWater,RestaurantLights,RestaurantGasEquip,RestaurantRefrigeration,RestaurantInfiltration,RestaurantHVACAvail,RestaurantHtgSetpt,RestaurantClgSetpt,RestaurantElevator,RestaurantEscalator,RestaurantWtrHtrSetpt,218,1,; 
,"Electrical, Mechanical, Telephone Rooms",Misc - Telephone closets,3,0.5,250,250,3,0.18,Electric,0.4,Detailed Task Work (Note 7),0.2,0,0,8760,8760,0,0,200,200,1,4,Warehouse,WarehouseOccupancy,WarehouseReceptacle,WarehouseServiceHotWater,WarehouseLights,WarehouseGasEquip,WarehouseRefrigeration,WarehouseInfiltration,WarehouseHVACAvail,WarehouseHtgSetpt,WarehouseClgSetpt,WarehouseElevator,WarehouseEscalator,WarehouseWtrHtrSetpt,219,1,; 
,Exercise/Fitness Center and Gymnasium Areas,"Sports/Entertainment - Gym, sports arena (play area)",20,0.5,255,875,0.5,0.18,Gas,0.5,0,0,0,0,150,150,0,0,150,400,1.5,2,Retail,RetailOccupancy,RetailReceptacle,RetailServiceHotWater,RetailLights,RetailGasEquip,RetailRefrigeration,RetailInfiltration,RetailHVACAvail,RetailHtgSetpt,RetailClgSetpt,RetailElevator,RetailEscalator,RetailWtrHtrSetpt,220,1,; 
,Financial Transaction Area,Misc - Banks or bank lobbies,10,0.5,250,250,1.5,0.18,Electric,0.8,Ornamental,0.3,0,0,150,150,0,0,100,300,1.5,2,Office,OfficeOccupancy,OfficeReceptacle,OfficeServiceHotWater,OfficeLights,OfficeGasEquip,OfficeRefrigeration,OfficeInfiltration,OfficeHVACAvail,OfficeHtgSetpt,OfficeClgSetpt,OfficeElevator,OfficeEscalator,OfficeWtrHtrSetpt,221,1,; 
,General/Commercial & Industrial Work Area (High Bay),Misc - General manufacturing (excludes heavy industrial and process using chemicals),10,0.5,275,475,1,0.18,Gas,0.65,Detailed Task Work (Note 7),0.2,0,0,150,150,0,0,300,1000,1.5,2,Manufacturing,ManufacturingOccupancy,ManufacturingReceptacle,ManufacturingServiceHotWater,ManufacturingLights,ManufacturingGasEquip,ManufacturingRefrigeration,ManufacturingInfiltration,ManufacturingHVACAvail,ManufacturingHtgSetpt,ManufacturingClgSetpt,ManufacturingElevator,ManufacturingEscalator,ManufacturingWtrHtrSetpt,222,1,; 
,General/Commercial & Industrial Work Area (Low Bay),Misc - General manufacturing (excludes heavy industrial and process using chemicals),10,0.5,275,475,1,0.18,Gas,0.6,Detailed Task Work (Note 7),0.2,0,0,150,150,0,0,300,1000,1.5,2,Manufacturing,ManufacturingOccupancy,ManufacturingReceptacle,ManufacturingServiceHotWater,ManufacturingLights,ManufacturingGasEquip,ManufacturingRefrigeration,ManufacturingInfiltration,ManufacturingHVACAvail,ManufacturingHtgSetpt,ManufacturingClgSetpt,ManufacturingElevator,ManufacturingEscalator,ManufacturingWtrHtrSetpt,223,1,; 
,General/Commercial & Industrial Work Area (Precision),Misc - General manufacturing (excludes heavy industrial and process using chemicals),10,0.5,250,200,1,0.18,Gas,0.85,Precision Work (Note 9),0.7,0,0,150,150,0,0,1000,3000,1.5,2,Manufacturing,ManufacturingOccupancy,ManufacturingReceptacle,ManufacturingServiceHotWater,ManufacturingLights,ManufacturingGasEquip,ManufacturingRefrigeration,ManufacturingInfiltration,ManufacturingHVACAvail,ManufacturingHtgSetpt,ManufacturingClgSetpt,ManufacturingElevator,ManufacturingEscalator,ManufacturingWtrHtrSetpt,224,1,; 
,Healthcare Facility and Hospitals (Exam/Treatment Room),Misc - All others,10,0.5,250,200,1.5,0.24,Electric,1.15,0,0,0,0,150,150,1.12596,0,300,3000,1.5,2,Health,HealthOccupancy,HealthReceptacle,HealthServiceHotWater,HealthLights,HealthGasEquip,HealthRefrigeration,HealthInfiltration,HealthHVACAvail,HealthHtgSetpt,HealthClgSetpt,HealthElevator,HealthEscalator,HealthWtrHtrSetpt,225,1,; 
,Healthcare Facility and Hospitals (Imaging Room),Misc - All others,10,0.5,250,200,1.5,0.24,Gas,1,0,0,0,0,150,150,0,0,75,500,1.5,2,Health,HealthOccupancy,HealthReceptacle,HealthServiceHotWater,HealthLights,HealthGasEquip,HealthRefrigeration,HealthInfiltration,HealthHVACAvail,HealthHtgSetpt,HealthClgSetpt,HealthElevator,HealthEscalator,HealthWtrHtrSetpt,277,1,; 
,Healthcare Facility and Hospitals (Medical Supply Room),Misc - All others,10,0.5,250,200,1.5,0.24,Gas,0.55,0,0,0,0,150,150,0,0,50,300,1.5,2,Health,HealthOccupancy,HealthReceptacle,HealthServiceHotWater,HealthLights,HealthGasEquip,HealthRefrigeration,HealthInfiltration,HealthHVACAvail,HealthHtgSetpt,HealthClgSetpt,HealthElevator,HealthEscalator,HealthWtrHtrSetpt,278,1,; 
,Healthcare Facility and Hospitals (Nursery),Misc - All others,10,0.5,250,200,1.5,0.24,Gas,0.95,Tunable while or dim-to-warm (Note 10),0.1,0,0,150,150,0,0,20,200,1.5,2,Health,HealthOccupancy,HealthReceptacle,HealthServiceHotWater,HealthLights,HealthGasEquip,HealthRefrigeration,HealthInfiltration,HealthHVACAvail,HealthHtgSetpt,HealthClgSetpt,HealthElevator,HealthEscalator,HealthWtrHtrSetpt,279,1,; 
,Healthcare Facility and Hospitals (Nurse's Station),Misc - All others,10,0.5,250,200,1.5,0.24,Gas,0.75,Tunable while or dim-to-warm (Note 10),0.1,0,0,150,150,0,0,75,500,1.5,2,Health,HealthOccupancy,HealthReceptacle,HealthServiceHotWater,HealthLights,HealthGasEquip,HealthRefrigeration,HealthInfiltration,HealthHVACAvail,HealthHtgSetpt,HealthClgSetpt,HealthElevator,HealthEscalator,HealthWtrHtrSetpt,280,1,; 
,Healthcare Facility and Hospitals (Operating Room),Misc - All others,10,0.5,250,200,1.5,0.24,Gas,1.9,0,0,0,0,150,150,0,0,300,3000,1.5,2,Health,HealthOccupancy,HealthReceptacle,HealthServiceHotWater,HealthLights,HealthGasEquip,HealthRefrigeration,HealthInfiltration,HealthHVACAvail,HealthHtgSetpt,HealthClgSetpt,HealthElevator,HealthEscalator,HealthWtrHtrSetpt,281,1,; 
,Healthcare Facility and Hospitals (Patient Room),Misc - All others,10,0.5,250,200,1.5,0.24,Gas,0.55,Decorative,0.15,Tunable while or dim-to-warm (Note 10),0.1,150,150,0,0,20,200,1.5,2,Health,HealthOccupancy,HealthReceptacle,HealthServiceHotWater,HealthLights,HealthGasEquip,HealthRefrigeration,HealthInfiltration,HealthHVACAvail,HealthHtgSetpt,HealthClgSetpt,HealthElevator,HealthEscalator,HealthWtrHtrSetpt,282,1,; 
,Healthcare Facility and Hospitals (Physical Therapy Room),Misc - All others,10,0.5,250,200,1.5,0.24,Electric,0.85,Tunable while or dim-to-warm (Note 10),0.1,0,0,150,150,0,0,75,500,1.5,2,Health,HealthOccupancy,HealthReceptacle,HealthServiceHotWater,HealthLights,HealthGasEquip,HealthRefrigeration,HealthInfiltration,HealthHVACAvail,HealthHtgSetpt,HealthClgSetpt,HealthElevator,HealthEscalator,HealthWtrHtrSetpt,283,1,; 
,Healthcare Facility and Hospitals (Recovery Room),Misc - All others,10,0.5,250,200,1.5,0.24,Gas,0.9,Tunable while or dim-to-warm (Note 10),0.1,0,0,150,150,0,0,20,200,1.5,2,Health,HealthOccupancy,HealthReceptacle,HealthServiceHotWater,HealthLights,HealthGasEquip,HealthRefrigeration,HealthInfiltration,HealthHVACAvail,HealthHtgSetpt,HealthClgSetpt,HealthElevator,HealthEscalator,HealthWtrHtrSetpt,284,1,; 
,High-Rise Residential Living Spaces,NA,5,0.5,245,155,0.5,RULE Spc:DwellingUnitXGalPerDay,Gas,na,0,0,0,0,150,150,0.6824,0,20,200,1.5,2,ResidentialLiving,ResidentialLivingOccupancy,ResidentialLivingReceptacle,ResidentialLivingServiceHotWater,ResidentialLivingLights,ResidentialLivingGasEquip,ResidentialLivingRefrigeration,ResidentialLivingInfiltration,ResidentialLivingHVACAvail,ResidentialLivingHtgSetpt,ResidentialLivingClgSetpt,ResidentialLivingElevator,ResidentialLivingEscalator,ResidentialLivingWtrHtrSetpt,226,0,; 
,Hotel Function Area,Lodging - Multipurpose assembly,142.86,0.5,250,200,0.5,0.096,Gas,0.85,Ornamental,0.3,0,0,150,150,0,0,50,300,1.5,2,Assembly,AssemblyOccupancy,AssemblyReceptacle,AssemblyServiceHotWater,AssemblyLights,AssemblyGasEquip,AssemblyRefrigeration,AssemblyInfiltration,AssemblyHVACAvail,AssemblyHtgSetpt,AssemblyClgSetpt,AssemblyElevator,AssemblyEscalator,AssemblyWtrHtrSetpt,227,0,; 
,Hotel/Motel Guest Room,Lodging - Bedroom/living room,5,0.5,245,155,0.5,4.48,Gas,na,0,0,0,0,150,150,0,0,20,200,1.5,2,ResidentialLiving,ResidentialLivingOccupancy,ResidentialLivingReceptacle,ResidentialLivingServiceHotWater,ResidentialLivingLights,ResidentialLivingGasEquip,ResidentialLivingRefrigeration,ResidentialLivingInfiltration,ResidentialLivingHVACAvail,ResidentialLivingHtgSetpt,ResidentialLivingClgSetpt,ResidentialLivingElevator,ResidentialLivingEscalator,ResidentialLivingWtrHtrSetpt,228,0,; 
,Kitchen/Food Preparation Area,Food Service - Kitchen (cooking),5,0.5,275,475,1.5,0.578,Gas,0.95,0,0,0,0,150,150,17.53768,1.12,100,500,1.5,2,Restaurant,RestaurantOccupancy,RestaurantReceptacle,RestaurantServiceHotWater,RestaurantLights,RestaurantGasEquip,RestaurantRefrigeration,RestaurantInfiltration,RestaurantHVACAvail,RestaurantHtgSetpt,RestaurantClgSetpt,RestaurantElevator,RestaurantEscalator,RestaurantWtrHtrSetpt,229,1,; 
,Kitchenette or Residential Kitchen,Exhaust - Kitchenettes,5,0.5,275,475,1,0.36,Gas,0.95,0,0,0,0,150,150,3,0.5,100,500,1.5,2,Office,OfficeOccupancy,OfficeReceptacle,OfficeServiceHotWater,OfficeLights,OfficeGasEquip,OfficeRefrigeration,OfficeInfiltration,OfficeHVACAvail,OfficeHtgSetpt,OfficeClgSetpt,OfficeElevator,OfficeEscalator,OfficeWtrHtrSetpt,230,1,; 
,Laundry Area,"Lodging - Laundry rooms, central",10,0.5,250,250,3,0.578,Gas,0.45,0,0,0,0,8760,8760,0.75064,0,100,300,1.5,2,Manufacturing,ManufacturingOccupancy,ManufacturingReceptacle,ManufacturingServiceHotWater,ManufacturingLights,ManufacturingGasEquip,ManufacturingRefrigeration,ManufacturingInfiltration,ManufacturingHVACAvail,ManufacturingHtgSetpt,ManufacturingClgSetpt,ManufacturingElevator,ManufacturingEscalator,ManufacturingWtrHtrSetpt,231,1,; 
,Library (Reading Area),Assembly - Libraries (reading rooms and stack areas),20,0.5,250,200,1.5,0.18,Electric,0.8,Ornamental,0.3,0,0,150,150,0,0,150,500,1.5,2,Office,OfficeOccupancy,OfficeReceptacle,OfficeServiceHotWater,OfficeLights,OfficeGasEquip,OfficeRefrigeration,OfficeInfiltration,OfficeHVACAvail,OfficeHtgSetpt,OfficeClgSetpt,OfficeElevator,OfficeEscalator,OfficeWtrHtrSetpt,232,1,; 
,Library (Stacks Area),Assembly - Libraries (reading rooms and stack areas),10,0.5,250,200,1.5,0.18,Electric,1.1,0,0,0,0,150,150,0,0,200,300,1,4,Office,OfficeOccupancy,OfficeReceptacle,OfficeServiceHotWater,OfficeLights,OfficeGasEquip,OfficeRefrigeration,OfficeInfiltration,OfficeHVACAvail,OfficeHtgSetpt,OfficeClgSetpt,OfficeElevator,OfficeEscalator,OfficeWtrHtrSetpt,233,1,; 
,Locker Room,Exhaust - Locker rooms for athletic or industrial facilities,20,0.5,255,475,0.5,0.578,Gas,0.45,0,0,0,0,8760,8760,0,0,20,200,1,4,Assembly,AssemblyOccupancy,AssemblyReceptacle,AssemblyServiceHotWater,AssemblyLights,AssemblyGasEquip,AssemblyRefrigeration,AssemblyInfiltration,AssemblyHVACAvail,AssemblyHtgSetpt,AssemblyClgSetpt,AssemblyElevator,AssemblyEscalator,AssemblyWtrHtrSetpt,234,1,; 
,"Lounge, Breakroom, or Waiting Area",General - Break rooms,66.67,0.5,275,275,1,0.09,Gas,0.65,Ornamental,0.3,0,0,150,150,0,0,40,300,1.5,2,Assembly,AssemblyOccupancy,AssemblyReceptacle,AssemblyServiceHotWater,AssemblyLights,AssemblyGasEquip,AssemblyRefrigeration,AssemblyInfiltration,AssemblyHVACAvail,AssemblyHtgSetpt,AssemblyClgSetpt,AssemblyElevator,AssemblyEscalator,AssemblyWtrHtrSetpt,235,1,; 
,Main Entry Lobby,Office - Main entry lobbies,66.67,0.5,250,250,0.5,0.09,Electric,0.85,Ornamental,0.3,0,0,150,150,0,0,50,200,1.5,2,Assembly,AssemblyOccupancy,AssemblyReceptacle,AssemblyServiceHotWater,AssemblyLights,AssemblyGasEquip,AssemblyRefrigeration,AssemblyInfiltration,AssemblyHVACAvail,AssemblyHtgSetpt,AssemblyClgSetpt,AssemblyElevator,AssemblyEscalator,AssemblyWtrHtrSetpt,236,1,; 
,Museum Area (Exhibition/Display),Assembly - Museums/galleries,66.67,0.5,250,250,1.5,0.09,Electric,0.6,"Accent, display and feature (Note 3)",0.5,0,0,150,150,0,0,150,500,1.5,2,Assembly,AssemblyOccupancy,AssemblyReceptacle,AssemblyServiceHotWater,AssemblyLights,AssemblyGasEquip,AssemblyRefrigeration,AssemblyInfiltration,AssemblyHVACAvail,AssemblyHtgSetpt,AssemblyClgSetpt,AssemblyElevator,AssemblyEscalator,AssemblyWtrHtrSetpt,237,1,; 
,Museum Area (Restoration Room),Misc - General manufacturing (excludes heavy industrial and process using chemicals),10,0.5,250,250,1.5,0.18,Electric,0.75,Detailed Task Work (Note 7),0.2,0,0,150,150,0,0,150,500,1.5,2,Assembly,AssemblyOccupancy,AssemblyReceptacle,AssemblyServiceHotWater,AssemblyLights,AssemblyGasEquip,AssemblyRefrigeration,AssemblyInfiltration,AssemblyHVACAvail,AssemblyHtgSetpt,AssemblyClgSetpt,AssemblyElevator,AssemblyEscalator,AssemblyWtrHtrSetpt,238,1,; 
,Office Area (<250 square feet),Office - Office space,10,0.5,250,200,1.5,0.18,Electric,0.7,Portable lighting for office areas (Note 6),0.2,0,0,150,150,0,0,75,500,1.5,2,Office,OfficeOccupancy,OfficeReceptacle,OfficeServiceHotWater,OfficeLights,OfficeGasEquip,OfficeRefrigeration,OfficeInfiltration,OfficeHVACAvail,OfficeHtgSetpt,OfficeClgSetpt,OfficeElevator,OfficeEscalator,OfficeWtrHtrSetpt,239,1,; 
,Office Area (>250 square feet),Office - Office space,10,0.5,250,200,1.5,0.18,Electric,0.65,Portable lighting for office areas (Note 6),0.2,0,0,150,150,0,0,75,500,1,4,Office,OfficeOccupancy,OfficeReceptacle,OfficeServiceHotWater,OfficeLights,OfficeGasEquip,OfficeRefrigeration,OfficeInfiltration,OfficeHVACAvail,OfficeHtgSetpt,OfficeClgSetpt,OfficeElevator,OfficeEscalator,OfficeWtrHtrSetpt,240,1,; 
,Office Area (Open plan office),Office - Office space,10,0.5,250,200,1.5,0.18,Electric,0.6,Portable lighting for office areas (Note 6),0.2,0,0,150,150,0,0,75,500,1,4,Office,OfficeOccupancy,OfficeReceptacle,OfficeServiceHotWater,OfficeLights,OfficeGasEquip,OfficeRefrigeration,OfficeInfiltration,OfficeHVACAvail,OfficeHtgSetpt,OfficeClgSetpt,OfficeElevator,OfficeEscalator,OfficeWtrHtrSetpt,241,1,; 
,Parking Garage Area (Daylight Adaptation Zones),Exhaust - Parking garages,5,0.5,250,200,0,0,Electric,0.5,0,0,0,0,8760,8760,0,0,10,40,1.5,2,Parking,ParkingOccupancy,ParkingReceptacle,ParkingServiceHotWater,ParkingLights,ParkingGasEquip,ParkingRefrigeration,ParkingInfiltration,ParkingHVACAvail,ParkingHtgSetpt,ParkingClgSetpt,ParkingElevator,ParkingEscalator,ParkingWtrHtrSetpt,242,1,; 
,Parking Garage Area (Dedicated Ramps),Exhaust - Parking garages,5,0.5,250,200,0,0,Electric,0.25,0,0,0,0,8760,8760,0,0,10,40,1.5,2,Parking,ParkingOccupancy,ParkingReceptacle,ParkingServiceHotWater,ParkingLights,ParkingGasEquip,ParkingRefrigeration,ParkingInfiltration,ParkingHVACAvail,ParkingHtgSetpt,ParkingClgSetpt,ParkingElevator,ParkingEscalator,ParkingWtrHtrSetpt,243,1,; 
,Parking Garage Area (Parking Zone),Exhaust - Parking garages,5,0.5,250,200,0,0,Electric,0.1,First ATM (W),100,Additional ATM (50 W each),50,8760,8760,0,0,10,40,1.5,2,Parking,ParkingOccupancy,ParkingReceptacle,ParkingServiceHotWater,ParkingLights,ParkingGasEquip,ParkingRefrigeration,ParkingInfiltration,ParkingHVACAvail,ParkingHtgSetpt,ParkingClgSetpt,ParkingElevator,ParkingEscalator,ParkingWtrHtrSetpt,244,1,; 
,Pharmacy Area,Misc - Pharmacy (preparation area),10,0.5,250,200,5,0.18,Electric,1.1,Specialized Task Work (Note 8),0.35,0,0,150,150,0,1,100,1000,1.5,2,Retail,RetailOccupancy,RetailReceptacle,RetailServiceHotWater,RetailLights,RetailGasEquip,RetailRefrigeration,RetailInfiltration,RetailHVACAvail,RetailHtgSetpt,RetailClgSetpt,RetailElevator,RetailEscalator,RetailWtrHtrSetpt,245,1,; 
,Religious Worship Area,Assembly - Places of religious worship,142.86,0.5,245,105,0.5,0.09,Electric,0.95,Ornamental,0.3,0,0,150,150,0,0,200,1500,1.5,2,Assembly,AssemblyOccupancy,AssemblyReceptacle,AssemblyServiceHotWater,AssemblyLights,AssemblyGasEquip,AssemblyRefrigeration,AssemblyInfiltration,AssemblyHVACAvail,AssemblyHtgSetpt,AssemblyClgSetpt,AssemblyElevator,AssemblyEscalator,AssemblyWtrHtrSetpt,246,1,; 
,Restrooms,"Exhaust - Toilets, public",10,0.5,250,250,0,0,Gas,0.65,"Accent, display and feature (Note 3)",0.2,Decorative,0.15,8760,8760,0,0,50,100,1.5,2,Office,OfficeOccupancy,OfficeReceptacle,OfficeServiceHotWater,OfficeLights,OfficeGasEquip,OfficeRefrigeration,OfficeInfiltration,OfficeHVACAvail,OfficeHtgSetpt,OfficeClgSetpt,OfficeElevator,OfficeEscalator,OfficeWtrHtrSetpt,247,1,; 
,Retail Sales Area (Fitting Room),Retail - Sales,16.67,0.5,250,200,1,0.18,Electric,0.6,External Illuminated Mirror (Note5),40,Internal Illuminated Mirror (Note 5),120,150,150,0,0,100,1000,1.5,2,Retail,RetailOccupancy,RetailReceptacle,RetailServiceHotWater,RetailLights,RetailGasEquip,RetailRefrigeration,RetailInfiltration,RetailHVACAvail,RetailHtgSetpt,RetailClgSetpt,RetailElevator,RetailEscalator,RetailWtrHtrSetpt,248,1,; 
,Retail Sales Area (Grocery Sales),Retail - Supermarket,16.67,0.5,250,200,1,0.18,Gas,1.05,"Accent, display and feature (Note 3)",0.2,Decorative,0.15,150,150,0,5,100,1000,1.5,2,Retail,RetailOccupancy,RetailReceptacle,RetailServiceHotWater,RetailLights,RetailGasEquip,RetailRefrigeration,RetailInfiltration,RetailHVACAvail,RetailHtgSetpt,RetailClgSetpt,RetailElevator,RetailEscalator,RetailWtrHtrSetpt,249,1,; 
,Retail Sales Area (Retail Merchandise Sales),Retail - Sales,16.67,0.5,250,200,1,0.18,Electric,1,"Accent, display and feature (Note 3)",0.2,Decorative,0.15,150,150,0,0,100,1000,1.5,2,Retail,RetailOccupancy,RetailReceptacle,RetailServiceHotWater,RetailLights,RetailGasEquip,RetailRefrigeration,RetailInfiltration,RetailHVACAvail,RetailHtgSetpt,RetailClgSetpt,RetailElevator,RetailEscalator,RetailWtrHtrSetpt,250,1,; 
,Scientific Laboratory Area,Education - University/college laboratories,10,0.5,250,200,2,0.18,Gas,1,Specialized Task Work (Note 8),0.35,0,0,150,150,12.69264,0.28,500,1000,1.5,2,Laboratory,LaboratoryOccupancy,LaboratoryReceptacle,LaboratoryServiceHotWater,LaboratoryLights,LaboratoryGasEquip,LaboratoryRefrigeration,LaboratoryInfiltration,LaboratoryHVACAvail,LaboratoryHtgSetpt,LaboratoryClgSetpt,LaboratoryElevator,LaboratoryEscalator,LaboratoryWtrHtrSetpt,251,1,; 
,"Sports Arena - Playing Area (> 5,000 Spectators)","Sports/Entertainment - Gym, sports arena (play area)",80,0.5,255,875,0.5,0.18,Gas,2.25,0,0,0,0,150,150,0,0,150,400,1.5,2,Retail,RetailOccupancy,RetailReceptacle,RetailServiceHotWater,RetailLights,RetailGasEquip,RetailRefrigeration,RetailInfiltration,RetailHVACAvail,RetailHtgSetpt,RetailClgSetpt,RetailElevator,RetailEscalator,RetailWtrHtrSetpt,252,0,; 
,"Sports Arena - Playing Area (2,000 - 5,000 Spectators)","Sports/Entertainment - Gym, sports arena (play area)",66.67,0.5,255,875,0.5,0.18,Gas,1.45,0,0,0,0,150,150,0,0,150,400,1.5,2,Retail,RetailOccupancy,RetailReceptacle,RetailServiceHotWater,RetailLights,RetailGasEquip,RetailRefrigeration,RetailInfiltration,RetailHVACAvail,RetailHtgSetpt,RetailClgSetpt,RetailElevator,RetailEscalator,RetailWtrHtrSetpt,253,0,; 
,"Sports Arena - Playing Area (< 2,000 Spectators)","Sports/Entertainment - Gym, sports arena (play area)",50,0.5,255,875,0.5,0.18,Gas,1.1,0,0,0,0,150,150,0,0,150,400,1.5,2,Retail,RetailOccupancy,RetailReceptacle,RetailServiceHotWater,RetailLights,RetailGasEquip,RetailRefrigeration,RetailInfiltration,RetailHVACAvail,RetailHtgSetpt,RetailClgSetpt,RetailElevator,RetailEscalator,RetailWtrHtrSetpt,254,0,; 
,Sports Arena - Playing Area (Recreational),"Sports/Entertainment - Gym, sports arena (play area)",20,0.5,255,875,0.2,0.9,Gas,0.75,0,0,0,0,150,150,0,0,150,400,1.5,2,Retail,RetailOccupancy,RetailReceptacle,RetailServiceHotWater,RetailLights,RetailGasEquip,RetailRefrigeration,RetailInfiltration,RetailHVACAvail,RetailHtgSetpt,RetailClgSetpt,RetailElevator,RetailEscalator,RetailWtrHtrSetpt,255,1,; 
,Stairwell,General - Corridors,10,0.5,250,250,0,0,Electric,0.5,"Accent, display and feature (Note 3)",0.2,Decorative (Note 4),0.15,8760,8760,0,0,50,100,1.5,2,Office,OfficeOccupancy,OfficeReceptacle,OfficeServiceHotWater,OfficeLights,OfficeGasEquip,OfficeRefrigeration,OfficeInfiltration,OfficeHVACAvail,OfficeHtgSetpt,OfficeClgSetpt,OfficeElevator,OfficeEscalator,OfficeWtrHtrSetpt,256,1,; 
,Theater Area (Motion Picture),Assembly - Auditorium seating area ,142.86,0.5,245,105,0.5,0.09,Electric,0.6,Ornamental,0.3,0,0,150,150,0,0,2,50,1.5,2,Assembly,AssemblyOccupancy,AssemblyReceptacle,AssemblyServiceHotWater,AssemblyLights,AssemblyGasEquip,AssemblyRefrigeration,AssemblyInfiltration,AssemblyHVACAvail,AssemblyHtgSetpt,AssemblyClgSetpt,AssemblyElevator,AssemblyEscalator,AssemblyWtrHtrSetpt,257,1,; 
,Theater Area (Performance),"Sports/Entertainment - Stages, studios",142.86,0.5,245,105,0.5,0.09,Gas,1,Ornamental,0.3,0,0,150,150,0,0,2,200,1.5,2,Assembly,AssemblyOccupancy,AssemblyReceptacle,AssemblyServiceHotWater,AssemblyLights,AssemblyGasEquip,AssemblyRefrigeration,AssemblyInfiltration,AssemblyHVACAvail,AssemblyHtgSetpt,AssemblyClgSetpt,AssemblyElevator,AssemblyEscalator,AssemblyWtrHtrSetpt,258,1,; 
,Transportation Function (Baggage Area),Misc - Transportation waiting,33.33,0.5,250,250,0.5,0.18,Electric,0.4,0,0,0,0,150,150,0,0,50,500,1.5,2,Assembly,AssemblyOccupancy,AssemblyReceptacle,AssemblyServiceHotWater,AssemblyLights,AssemblyGasEquip,AssemblyRefrigeration,AssemblyInfiltration,AssemblyHVACAvail,AssemblyHtgSetpt,AssemblyClgSetpt,AssemblyElevator,AssemblyEscalator,AssemblyWtrHtrSetpt,259,0,; 
,Transportation Function (Ticketing Area),Misc - Transportation waiting,33.33,0.5,250,250,0.5,0.18,Electric,0.45,"Accent, display and feature (Note 3)",0.2,0,0,150,150,0,0,50,500,1.5,2,Assembly,AssemblyOccupancy,AssemblyReceptacle,AssemblyServiceHotWater,AssemblyLights,AssemblyGasEquip,AssemblyRefrigeration,AssemblyInfiltration,AssemblyHVACAvail,AssemblyHtgSetpt,AssemblyClgSetpt,AssemblyElevator,AssemblyEscalator,AssemblyWtrHtrSetpt,260,0,; 
,Unleased Tenant Area,Office - Office space,10,0.5,250,200,1.5,0.18,Electric,0.4,0,0,0,0,150,150,0,0,75,500,1,4,Office,OfficeOccupancy,OfficeReceptacle,OfficeServiceHotWater,OfficeLights,OfficeGasEquip,OfficeRefrigeration,OfficeInfiltration,OfficeHVACAvail,OfficeHtgSetpt,OfficeClgSetpt,OfficeElevator,OfficeEscalator,OfficeWtrHtrSetpt,261,1,; 
,Unoccupied-Exclude from Gross Floor Area,NA,0,0.5,250,250,0,0,Gas,0,0,0,0,0,8760,8760,0,0,0,0,0,0,Unoccupied,UnoccupiedOccupancy,UnoccupiedReceptacle,UnoccupiedServiceHotWater,UnoccupiedLights,UnoccupiedGasEquip,UnoccupiedRefrigeration,UnoccupiedInfiltration,UnoccupiedHVACAvail,UnoccupiedHtgSetpt,UnoccupiedClgSetpt,UnoccupiedElevator,UnoccupiedEscalator,UnoccupiedWtrHtrSetpt,262,1,; 
,Unoccupied-Include in Gross Floor Area,NA,0,0.5,250,250,0,0,Gas,0,0,0,0,0,8760,8760,0,0,0,0,0,0,Unoccupied,UnoccupiedOccupancy,UnoccupiedReceptacle,UnoccupiedServiceHotWater,UnoccupiedLights,UnoccupiedGasEquip,UnoccupiedRefrigeration,UnoccupiedInfiltration,UnoccupiedHVACAvail,UnoccupiedHtgSetpt,UnoccupiedClgSetpt,UnoccupiedElevator,UnoccupiedEscalator,UnoccupiedWtrHtrSetpt,263,1,; 
,Videoconferencing Studio,General - Conference/meeting,10,0.5,250,200,1.5,0.18,Electric,0.9,Videoconferencing,1,0,0,150,150,0,0,300,300,1.5,2,Office,OfficeOccupancy,OfficeReceptacle,OfficeServiceHotWater,OfficeLights,OfficeGasEquip,OfficeRefrigeration,OfficeInfiltration,OfficeHVACAvail,OfficeHtgSetpt,OfficeClgSetpt,OfficeElevator,OfficeEscalator,OfficeWtrHtrSetpt,264,1,; 
,Aging Eye/Low-vision (Corridor Area),General - Corridors,10,0.5,250,250,0,0,Electric,0.8,Decorative (Note 4),0.15,0,0,150,150,0,0,50,100,1.5,2,Office,OfficeOccupancy,OfficeReceptacle,OfficeServiceHotWater,OfficeLights,OfficeGasEquip,OfficeRefrigeration,OfficeInfiltration,OfficeHVACAvail,OfficeHtgSetpt,OfficeClgSetpt,OfficeElevator,OfficeEscalator,OfficeWtrHtrSetpt,269,1,; 
,Aging Eye/Low-vision (Dining),Food Service - Cafeteria/fast-food dining,66.67,0.5,275,275,0.5,0.578,Gas,0.8,Ornamental,0.3,0,0,150,150,0,0.25,50,200,1.5,2,Restaurant,RestaurantOccupancy,RestaurantReceptacle,RestaurantServiceHotWater,RestaurantLights,RestaurantGasEquip,RestaurantRefrigeration,RestaurantInfiltration,RestaurantHVACAvail,RestaurantHtgSetpt,RestaurantClgSetpt,RestaurantElevator,RestaurantEscalator,RestaurantWtrHtrSetpt,270,1,; 
,Aging Eye/Low-vision (Lounge/Waiting Area),General - Break rooms,66.67,0.5,275,275,1,0.09,Gas,0.75,Ornamental,0.3,0,0,150,150,0,0,40,300,1.5,2,Assembly,AssemblyOccupancy,AssemblyReceptacle,AssemblyServiceHotWater,AssemblyLights,AssemblyGasEquip,AssemblyRefrigeration,AssemblyInfiltration,AssemblyHVACAvail,AssemblyHtgSetpt,AssemblyClgSetpt,AssemblyElevator,AssemblyEscalator,AssemblyWtrHtrSetpt,271,1,; 
,Aging Eye/Low-vision (Main Entry Lobby),Office - Main entry lobbies,66.67,0.5,250,250,0.5,0.09,Electric,0.85,Ornamental,0.3,Transition Lighitng OFF at night (Note 12),0.95,150,150,0,0,50,200,1.5,2,Assembly,AssemblyOccupancy,AssemblyReceptacle,AssemblyServiceHotWater,AssemblyLights,AssemblyGasEquip,AssemblyRefrigeration,AssemblyInfiltration,AssemblyHVACAvail,AssemblyHtgSetpt,AssemblyClgSetpt,AssemblyElevator,AssemblyEscalator,AssemblyWtrHtrSetpt,272,1,; 
,Aging Eye/Low-vision (Multipurpose Room),General - Conference/meeting,66.67,0.5,245,155,1,0.09,Electric,0.95,Ornamental,0.3,0,0,150,150,0,0,30,300,1.5,2,Assembly,AssemblyOccupancy,AssemblyReceptacle,AssemblyServiceHotWater,AssemblyLights,AssemblyGasEquip,AssemblyRefrigeration,AssemblyInfiltration,AssemblyHVACAvail,AssemblyHtgSetpt,AssemblyClgSetpt,AssemblyElevator,AssemblyEscalator,AssemblyWtrHtrSetpt,273,1,; 
,Aging Eye/Low-vision (Religious Worship Area),Assembly - Places of religious worship,142.86,0.5,245,105,0.5,0.09,Electric,1,Ornamental,0.3,0,0,150,150,0,0,200,1500,1.5,2,Assembly,AssemblyOccupancy,AssemblyReceptacle,AssemblyServiceHotWater,AssemblyLights,AssemblyGasEquip,AssemblyRefrigeration,AssemblyInfiltration,AssemblyHVACAvail,AssemblyHtgSetpt,AssemblyClgSetpt,AssemblyElevator,AssemblyEscalator,AssemblyWtrHtrSetpt,274,1,; 
,Aging Eye/Low-vision (Restroom),"Exhaust - Toilets, public",10,0.5,250,250,0,0,Gas,0.8,"Accent, display and feature (Note 3)",0.2,0,0,150,150,0,0,50,100,1.5,2,Office,OfficeOccupancy,OfficeReceptacle,OfficeServiceHotWater,OfficeLights,OfficeGasEquip,OfficeRefrigeration,OfficeInfiltration,OfficeHVACAvail,OfficeHtgSetpt,OfficeClgSetpt,OfficeElevator,OfficeEscalator,OfficeWtrHtrSetpt,275,1,; 
,Aging Eye/Low-vision (Stairwell),General - Corridors,10,0.5,250,250,0,0,Electric,0.8,0,0,0,0,150,150,0,0,50,100,1.5,2,Office,OfficeOccupancy,OfficeReceptacle,OfficeServiceHotWater,OfficeLights,OfficeGasEquip,OfficeRefrigeration,OfficeInfiltration,OfficeHVACAvail,OfficeHtgSetpt,OfficeClgSetpt,OfficeElevator,OfficeEscalator,OfficeWtrHtrSetpt,276,1,; 
,All other,Misc - All others,10,0.5,250,200,1,0.18,Gas,0.4,0,0,0,0,150,150,0,0,100,300,1.5,2,Office,OfficeOccupancy,OfficeReceptacle,OfficeServiceHotWater,OfficeLights,OfficeGasEquip,OfficeRefrigeration,OfficeInfiltration,OfficeHVACAvail,OfficeHtgSetpt,OfficeClgSetpt,OfficeElevator,OfficeEscalator,OfficeWtrHtrSetpt,201,1,; 
,"_Invalid from 2016 - Corridors, Restrooms, Stairs, and Support Areas",NA,0,0,0,0,0,0,0,0,0,0,0,0,0,0,0,0,0,0,0,0,0,0Occupancy,0Receptacle,0ServiceHotWater,0Lights,0GasEquip,0Refrigeration,0Infiltration,0HVACAvail,0HtgSetpt,0ClgSetpt,0Elevator,0Escalator,0WtrHtrSetpt,265,0,; 
,_Invalid from 2016 - Police Station and Fire Station,NA,0,0,0,0,0,0,0,0,0,0,0,0,0,0,0,0,0,0,0,0,0,0Occupancy,0Receptacle,0ServiceHotWater,0Lights,0GasEquip,0Refrigeration,0Infiltration,0HVACAvail,0HtgSetpt,0ClgSetpt,0Elevator,0Escalator,0WtrHtrSetpt,266,0,; 
,"_Invalid from 2016 - Housing, Public and Common Areas: Multi-family, Dormitory",NA,0,0,0,0,0,0,0,0,0,0,0,0,0,0,0,0,0,0,0,0,0,0Occupancy,0Receptacle,0ServiceHotWater,0Lights,0GasEquip,0Refrigeration,0Infiltration,0HVACAvail,0HtgSetpt,0ClgSetpt,0Elevator,0Escalator,0WtrHtrSetpt,267,0,; 
,"_Invalid from 2016 - Housing, Public and Common Areas: Senior Housing",NA,0,0,0,0,0,0,0,0,0,0,0,0,0,0,0,0,0,0,0,0,0,0Occupancy,0Receptacle,0ServiceHotWater,0Lights,0GasEquip,0Refrigeration,0Infiltration,0HVACAvail,0HtgSetpt,0ClgSetpt,0Elevator,0Escalator,0WtrHtrSetpt,268,0,; 
ENDTABLE,,,,,,,,,,,,,,,,,,,,,,,,,,,,,,,,,,,,,,,
//,,,,,,,,,,,,,,,,,,,,,,,,Occupancy,Receptacle,ServiceHotWater,Lights,GasEquip,Refrigeration,Infiltration,HVACAvail,HtgSetpt,ClgSetpt,Elevator,Escalator,WtrHtrSetpt,,,
