;,CEC Title-24 Residential Compliance Ruleset   ,,,,,,,,,,,
;,Solar Thermal Collector data table,,,,,,,,,,,
;,Source Data:,Solar Thermal Listing.xlsx files received from CEC 12/18/19 thru 1/8/20,,,,,,,,,,
;,Created:,1/14/20 - SAC,,,,,,,,,,
;,Last modified:,11/17/24 - RJH - Updated list from SRCC OG-100 Export_20241112-CEC.xlsx (leaving existing entries that may have been decertified),,,,,,,,,,
;,Mod history:,"04/13/21, 05/10/21,  05/11/21 & 05/12/21 - SAC - integrated updates from 2021 CBECC OG-100 Summary 20210324.xlsx",,,,,,,,,,
;,,,,,,,,,,,,
;,,,,,,,,,,,,
TABLE SolarThermalCollectors,,,,;,(m2),,(W/m2°C),,,,,
,SRCC_IAPMOnumber,Manufacturer,BrandName,ModelNumber,Area,YIntercept,Slope,,,,,
,ForceString,ForceString,ForceString,ForceString,0,0,0,; added to ensure proper/consistent table data classification,,,,
,2012028A,Acevedo Solar Systems LLC,International Solar System,042012,1.688,0.633,-5.379,; modified - RJH 11/12/24 - was,1.688,0.638,-5.101,
,10001886,ACR Solar International,Skyline,10-01,0.944,0.589,-3.564,,,,,
,10001885,ACR Solar International,Skyline,20-01,1.888,0.599,-3.63,,,,,
,10001729,"Advanced Thermal Solar, LLC",ATS,ATS-10,1.807,0.371,-1.225,,,,,
,10001730,"Advanced Thermal Solar, LLC",ATS,ATS-20,3.431,0.371,-1.225,,,,,
,10001728,"Advanced Thermal Solar, LLC",ATS,ATS-30,5.055,0.371,-1.225,,,,,
,10001856,Agua Del Sol,Radco,308C-HP,2.193,0.848,-4.777,,,,,
,10001855,Agua Del Sol,Radco,308P-HP,2.193,0.688,-5.76,,,,,
,10001845,Agua Del Sol,Radco,405C-HP,1.871,0.779,-4.386,,,,,
,10001844,Agua Del Sol,Radco,405P-HP,1.87,0.632,-5.287,,,,,
,10001848,Agua Del Sol,Radco,408C-HP,2.998,0.841,-4.712,,,,,
,10001846,Agua Del Sol,Radco,408P-HP,2.998,0.682,-5.685,,,,,
,10001849,Agua Del Sol,Radco,410C-HP,3.707,0.842,-4.711,,,,,
,10001847,Agua Del Sol,Radco,410P-HP,3.707,0.683,-5.685,,,,,
,10002036,Alternate Energy Technologies,AE Commercial,AEC-40,3.69,0.774,-5.692,,,,,
,10001941,Alternate Energy Technologies,Alternate Energy,AE-18,1.752,0.758,-5.688,; modified - RJH 11/13/24 - was,1.752,0.742,-6.14,
,10001940,Alternate Energy Technologies,Alternate Energy,AE-21,2.048,0.75,-5.55,; modified - RJH 11/13/24 - was,1.932,0.749,-6.159,
,10001943,Alternate Energy Technologies,Alternate Energy,AE-24,2.206,0.746,-6.16,,,,,
,2011056A,Alternate Energy Technologies,Alternate Energy,AE-26,2.35,0.77,-5.715,; modified - RJH 11/13/24 - was,2.351,0.753,-6.189,
,10001858,Alternate Energy Technologies,Alternate Energy,AE-32,2.959,0.774,-5.722,; modified - RJH 11/13/24 - was,2.96,0.757,-6.204,
,10001820,Alternate Energy Technologies,Alternate Energy,AE-40,3.69,0.777,-5.727,; modified - RJH 11/13/24 - was,3.69,0.76,-6.215,
,10001944,Alternate Energy Technologies,Alternate Energy,AE-56,5.172,0.761,-6.209,,,,,
,10001956,Alternate Energy Technologies,MorningStar,MS-21,1.994,0.73,-5.455,; modified - RJH 11/13/24 - was,1.997,0.713,-5.892,
,10001957,Alternate Energy Technologies,MorningStar,MS-24,2.272,0.733,-5.469,; modified - RJH 11/13/24 - was,2.275,0.717,-5.911,
,10001958,Alternate Energy Technologies,MorningStar,MS-26,2.414,0.741,-5.492,; modified - RJH 11/13/24 - was,2.416,0.727,-5.971,
,10001959,Alternate Energy Technologies,MorningStar,MS-28,2.661,0.746,-5.522,; modified - RJH 11/13/24 - was,2.664,0.73,-5.986,
,10001960,Alternate Energy Technologies,MorningStar,MS-32,3.031,0.75,-5.537,; modified - RJH 11/13/24 - was,3.035,0.733,-6.007,
,10001961,Alternate Energy Technologies,MorningStar,MS-40,3.773,0.754,-5.553,; modified - RJH 11/13/24 - was,3.777,0.737,-6.029,
,10002012,Alternate Energy Technologies,MorningStar,MSC-20,1.921,0.733,-5.416,,,,,
,10001934,Alternate Energy Technologies,MorningStar,MSC-21,1.997,0.726,-5.38,,,,,
,10001935,Alternate Energy Technologies,MorningStar,MSC-24,2.275,0.73,-5.398,,,,,
,10001936,Alternate Energy Technologies,MorningStar,MSC-26,2.416,0.74,-5.459,,,,,
,10001937,Alternate Energy Technologies,MorningStar,MSC-28,2.664,0.743,-5.474,,,,,
,10001938,Alternate Energy Technologies,MorningStar,MSC-32,3.035,0.747,-5.494,,,,,
,10001939,Alternate Energy Technologies,MorningStar,MSC-40,3.777,0.751,-5.519,,,,,
,2007033C,Apricus Inc.,Apricus,AP-10,1.344,0.458,-1.579,,,,,
,2007033B,Apricus Inc.,Apricus,AP-20,2.685,0.458,-1.579,,,,,
,2007033A,Apricus Inc.,Apricus,AP-30,4.158,0.458,-1.579,,,,,
,2007033D,Apricus Inc.,Apricus,AP-30C,4.158,0.458,-1.579,,,,,
,10001910,Apricus Inc.,Apricus,ETC-10,1.591,0.441,-1.506,,,,,
,10001911,Apricus Inc.,Apricus,ETC-20,3.042,0.458,-2.119,; modified - RJH 11/13/24 - was,2.994,0.441,-1.506,
,10001909,Apricus Inc.,Apricus,ETC-30 / ETC-30C,4.463,0.471,-1.854,; modified - RJH 11/13/24 - was,4.397,0.441,-1.506,
,10001900,Apricus Inc.,Apricus,FPC-A26,2.423,0.693,-3.925,,,,,
,10001899,Apricus Inc.,Apricus,FPC-A32,2.989,0.697,-3.928,,,,,
,10001901,Apricus Inc.,Apricus,FPC-A40,3.73,0.697,-3.925,,,,,
,10002105,Aqua Solanor Inc,Hydro Solar,VT5815,2.342,0.42,-0.786,; added - SAC 05/10/21,,,,
,10002106,Aqua Solanor Inc,Hydro Solar,VT5820,3.083,0.42,-0.786,; added - SAC 05/10/21,,,,
,10002107,Aqua Solanor Inc,Hydro Solar,VT5825,3.824,0.42,-0.786,; added - SAC 05/10/21,,,,
,10002108,Aqua Solanor Inc,Hydro Solar,VT5830,4.565,0.42,-0.786,; added - SAC 05/10/21,,,,
,10002069,"Artic Solar, Inc.",Emperor,LH-3-2M,2.7,0.568,-0.806,,,,,
;,10002047,Bach Khoa Investment And Development Of Solar Energy Corporation,SolarBK,CFP-C-200,2.36,0.646,-4.985,; duplicate - rolled into IREX Energy… - SAC 05/11/21,,,,
,2010057B,Baymak Makina Sanayi Ve Ticaret A.S.,Baymak,Advanced X,2.013,0.711,-4.757,; renamed Manufacturer - SAC 05/11/21,,,,
,2010057A,Baymak Makina Sanayi Ve Ticaret A.S.,Baymak,Advanced XL,2.507,0.716,-4.234,,,,,
,2011108B,Baymak Makina Sanayi Ve Ticaret A.S.,Baymak,Essential X,2.013,0.736,-5.032,,,,,
,2011108A,Baymak Makina Sanayi Ve Ticaret A.S.,Baymak,Essential XL,2.507,0.732,-4.454,,,,,
,10001887,Beijing Sunda Solar Energy Technology Co Ltd,PG2.0-F/S,PG-F/S,2.042,0.675,-4.206,,,,,
,2006010A,Beijing Sunda Solar Energy Technology Co Ltd,SUNDA,SEIDO 10-10AS/AB,1.679,0.462,-1.565,,,,,
,2006010B,Beijing Sunda Solar Energy Technology Co Ltd,SUNDA,SEIDO 10-20AS/AB,3.394,0.462,-1.565,,,,,
,2004001B,Beijing Sunda Solar Energy Technology Co Ltd,SUNDA,SEIDO 1-16,3.994,0.529,-1.697,,,,,
,2004001A,Beijing Sunda Solar Energy Technology Co Ltd,SUNDA,SEIDO 1-8,1.997,0.529,-1.697,,,,,
,2007025B,Beijing Sunda Solar Energy Technology Co Ltd,SUNDA,SEIDO 2-16,4.101,0.628,-1.719,,,,,
,2007025A,Beijing Sunda Solar Energy Technology Co Ltd,SUNDA,SEIDO 2-8,2.032,0.628,-1.719,,,,,
,2006026B,Beijing Sunda Solar Energy Technology Co Ltd,SUNDA,SEIDO 5-16 AS/AB,4.097,0.492,-1.924,,,,,
,2006026A,Beijing Sunda Solar Energy Technology Co Ltd,SUNDA,SEIDO 5-8 AS/AB,2.028,0.492,-1.924,,,,,
,10002016,Beijing Sunda Solar Energy Technology Co Ltd,SUNDA,SEIDO1-16,4.09,0.526,-1.959,,,,,
,10002017,Beijing Sunda Solar Energy Technology Co Ltd,SUNDA,SEIDO8-16,4.15,0.488,-1.971,,,,,
,10001749,Beijing Tianpu Solar Energy Industry Co.,Tianpu,TPH-15/18,2.266,0.389,-2.313,,,,,
,10001752,Beijing Tianpu Solar Energy Industry Co.,Tianpu,TPH-20/18,2.986,0.389,-2.313,,,,,
,10001753,Beijing Tianpu Solar Energy Industry Co.,Tianpu,TPH-24/18,3.562,0.389,-2.313,,,,,
,10001754,Beijing Tianpu Solar Energy Industry Co.,Tianpu,TPH-25/18,3.706,0.389,-2.313,,,,,
,10001755,Beijing Tianpu Solar Energy Industry Co.,Tianpu,TPH-28/18,4.138,0.389,-2.313,,,,,
,10001756,Beijing Tianpu Solar Energy Industry Co.,Tianpu,TPH-30/18,4.426,0.389,-2.313,,,,,
,10001757,Beijing Tianpu Solar Energy Industry Co.,Tianpu,TPH-36/18,5.29,0.389,-2.313,,,,,
,2012013A,Beijing Tianpu Solar Energy Industry Co.,Tianpu,TPU-10/18,1.56,0.444,-1.552,,,,,
,2012013B,Beijing Tianpu Solar Energy Industry Co.,Tianpu,TPU-12/18,1.872,0.444,-1.552,,,,,
,2012013C,Beijing Tianpu Solar Energy Industry Co.,Tianpu,TPU-14/18,2.184,0.444,-1.552,,,,,
,2012013D,Beijing Tianpu Solar Energy Industry Co.,Tianpu,TPU-15/18,2.34,0.444,-1.552,,,,,
,2012013E,Beijing Tianpu Solar Energy Industry Co.,Tianpu,TPU-16/18,2.496,0.444,-1.552,,,,,
,2012013F,Beijing Tianpu Solar Energy Industry Co.,Tianpu,TPU-18/18,2.808,0.444,-1.552,,,,,
,2012013G,Beijing Tianpu Solar Energy Industry Co.,Tianpu,TPU-20/18,3.12,0.444,-1.552,,,,,
,2012013H,Beijing Tianpu Solar Energy Industry Co.,Tianpu,TPU-24/18,3.744,0.444,-1.552,,,,,
,2012013I,Beijing Tianpu Solar Energy Industry Co.,Tianpu,TPU-25/18,3.9,0.444,-1.552,,,,,
,2012013J,Beijing Tianpu Solar Energy Industry Co.,Tianpu,TPU-28/18,4.368,0.444,-1.552,,,,,
,2012013K,Beijing Tianpu Solar Energy Industry Co.,Tianpu,TPU-30/18,4.68,0.444,-1.552,,,,,
,2007041A,Bosch Thermotechnology Corp.,Bosch,Bosch FKB-1 (Vert.),2.4,0.703,-4.211,,,,,
,2007043A,Bosch Thermotechnology Corp.,Bosch,Bosch FKC-1 s+w (Vert. & Horiz.),2.412,0.723,-4.439,,,,,
,2008056A,Bosch Thermotechnology Corp.,Bosch,Bosch FKT-1 s+w (Vert. & Horiz.),2.411,0.746,-4.243,,,,,
,2010040A,Bosch Thermotechnology Corp.,Bosch,FCC-1S,2.075,0.688,-4.573,,,,,
,2007005A,Bosch Thermotechnology Corp.,Buderus,Buderus SKN 3.0-s+w (Vert. & Horiz.),2.412,0.723,-4.439,,,,,
,2007006A,Bosch Thermotechnology Corp.,Buderus,Buderus SKS 4.0-s+w (Vert. & Horiz.),2.411,0.715,-3.975,,,,,
,10001917,Bronx Recycling Center Inc.,PYROPEG,P-100,0.872,0.416,-5.466,,,,,
,10002065,"Butler Sun Solutions, Inc.",Butler,BT1,2.031,0.68,-3.754,,,,,
,10001968,Caleffi Solar,SolarFlat,NAS10406,2.351,0.753,-6.189,,,,,
,2011096B,Caleffi Solar,SolarFlat,NAS10406A,2.279,0.737,-4.204,,,,,
,10001969,Caleffi Solar,SolarFlat,NAS10408,2.96,0.757,-6.204,,,,,
,2011096A,Caleffi Solar,SolarFlat,NAS10408A,2.9,0.718,-4.082,,,,,
,10001970,Caleffi Solar,SolarFlat,NAS10410,3.689,0.76,-6.215,,,,,
,2011096C,Caleffi Solar,SolarFlat,NAS10410A,3.554,0.74,-4.198,,,,,
,10001983,Caleffi Solar,StarMax IV,NAS14406,2.357,0.702,-4.544,,,,,
,10001984,Caleffi Solar,StarMax IV,NAS14408,2.967,0.706,-4.556,,,,,
,10001985,Caleffi Solar,StarMax IV,NAS14410,3.7,0.709,-4.564,,,,,
,10001744,Caleffi Solar,StarMax V,NAS15406,2.279,0.737,-4.204,,,,,
,10001743,Caleffi Solar,StarMax V,NAS15408,2.9,0.718,-4.082,,,,,
,10001745,Caleffi Solar,StarMax V,NAS15410,3.554,0.74,-4.198,,,,,
,10002167A,CALPAK S.A.,Prisma,2,2.002,0.753,-4.41,; added RJH 11/13/24,,,,
,10002167B,CALPAK S.A.,Prisma,2.5,2.492,0.762,-4.41,; added RJH 11/13/24,,,,
,2008006A,"Changzhou 1st Sunflower Intelligence Technology Co., Ltd",Soflower,SF-B155818,2.181,0.491,-2.263,; modified - RJH 11/13/24 - was,2.32,0.365,-1.361,
,2008006C,"Changzhou 1st Sunflower Intelligence Technology Co., Ltd",Soflower,SF-B185818,2.758,0.365,-1.361,,,,,
,2008006D,"Changzhou 1st Sunflower Intelligence Technology Co., Ltd",Soflower,SF-B205818,3.03,0.49,-2.254,; modified - RJH 11/13/24 - was,3.034,0.365,-1.361,
,2008006E,"Changzhou 1st Sunflower Intelligence Technology Co., Ltd",Soflower,SF-B225818,3.349,0.365,-1.361,,,,,
,2008006F,"Changzhou 1st Sunflower Intelligence Technology Co., Ltd",Soflower,SF-B245818,3.645,0.365,-1.361,,,,,
,2008006B,"Changzhou 1st Sunflower Intelligence Technology Co., Ltd",Soflower,SF-B305818,4.498,0.435,-1.969,; modified - RJH 11/13/24 - was,4.53,0.365,-1.361,
,2009003B,"Changzhou HE Jia Solar Energy Co., Ltd.",HEJIASUN,HCA-58-18,2.472,0.409,-1.676,,,,,
,2009003A,"Changzhou HE Jia Solar Energy Co., Ltd.",HEJIASUN,HCA-58-20,2.749,0.409,-1.676,,,,,
,2009003C,"Changzhou HE Jia Solar Energy Co., Ltd.",HEJIASUN,HCA-58-24,3.304,0.409,-1.676,,,,,
,2009003D,"Changzhou HE Jia Solar Energy Co., Ltd.",HEJIASUN,HCA-58-30,4.136,0.409,-1.676,,,,,
,10001869,"Changzhou HE Jia Solar Energy Co., Ltd.",HEJIASUN,HFC-2-S,2.002,0.437,-1.436,,,,,
,2010067A,"China Hitek Solar Co., Ltd.",HITEK,NSC-70-10,2.012,0.339,-1.787,,,,,
,2010067B,"China Hitek Solar Co., Ltd.",HITEK,NSC-70-12,2.392,0.339,-1.787,,,,,
,2010067C,"China Hitek Solar Co., Ltd.",HITEK,NSC-70-15,2.961,0.339,-1.787,,,,,
,2010067D,"China Hitek Solar Co., Ltd.",HITEK,NSC-70-20,3.91,0.339,-1.787,,,,,
,2007067A,"China Hitek Solar Co., Ltd.",Hitek Solar,NSC-58-10,1.778,0.363,-1.465,,,,,
,2007067B,"China Hitek Solar Co., Ltd.",Hitek Solar,NSC-58-12,2.102,0.363,-1.465,,,,,
,2007067C,"China Hitek Solar Co., Ltd.",Hitek Solar,NSC-58-16,2.751,0.363,-1.465,,,,,
,2007067D,"China Hitek Solar Co., Ltd.",Hitek Solar,NSC-58-20,3.4,0.363,-1.465,,,,,
,2007067E,"China Hitek Solar Co., Ltd.",Hitek Solar,NSC-58-22,3.724,0.363,-1.465,,,,,
,2007067F,"China Hitek Solar Co., Ltd.",Hitek Solar,NSC-58-24,4.049,0.363,-1.465,,,,,
,2007067G,"China Hitek Solar Co., Ltd.",Hitek Solar,NSC-58-30,5.022,0.363,-1.465,"; RJH 11/13/24 renamed, was: Chromagen Sha'ar Ha'amakim 2000 Ltd.; renamed, was: Chromagen - SAC 05/11/21",,,,
,2009061A,Chromagen Israel Ltd,Chromagen,CR-100-A-P,2.03,0.726,-4.617,; modified - RJH 11/13/24 - was,2.096,0.726,-4.618,
,2009059A,Chromagen Israel Ltd,Chromagen,CR-100-A-SP,2.03,0.727,-4.105,; modified - RJH 11/13/24 - was,2.091,0.728,-4.101,
,2007058A,Chromagen Israel Ltd,Chromagen,CR-100-BC,2.054,0.669,-4.319,,,,,
,2009061B,Chromagen Israel Ltd,Chromagen,CR-110-A-P,2.35,0.729,-4.635,; modified - RJH 11/13/24 - was,2.365,0.729,-4.631,
,2009059B,Chromagen Israel Ltd,Chromagen,CR-110-A-SP,2.35,0.723,-3.635,; modified - RJH 11/13/24 - was,2.365,0.732,-4.124,
,2007058B,Chromagen Israel Ltd,Chromagen,CR-110-BC,2.37,0.666,-4.288,,,,,
,2009061C,Chromagen Israel Ltd,Chromagen,CR-120-A-P,2.77,0.737,-4.664,; modified - RJH 11/13/24 - was,2.803,0.738,-4.671,
,2009059C,Chromagen Israel Ltd,Chromagen,CR-120-A-SP,2.77,0.738,-2.76,; modified - RJH 11/13/24 - was,2.803,0.74,-4.154,
,2007058C,Chromagen Israel Ltd,Chromagen,CR-120-BC,2.8,0.669,-4.289,,,,,
,2009061D,Chromagen Israel Ltd,Chromagen,CR-130-A-P,2.964,0.734,-4.647,; modified - RJH 11/13/24 - was,2.964,0.738,-4.67,
,2009059D,Chromagen Israel Ltd,Chromagen,CR-130-A-SP,2.964,0.736,-2.702,; modified - RJH 11/13/24 - was,2.964,0.742,-4.161,
,2007058D,Chromagen Israel Ltd,Chromagen,CR-130-BC,2.96,0.675,-4.327,,,,,
,2007059D,Chromagen Israel Ltd,Chromagen,CR-130-P,2.96,0.663,-5.138,,,,,
,2007057D,Chromagen Israel Ltd,Chromagen,CR-130-SP,2.96,0.694,-4.515,,,,,
,2009061E,Chromagen Israel Ltd,Chromagen,CR-140-A-P,3.708,0.742,-4.691,,,,,
,2007058E,Chromagen Israel Ltd,Chromagen,CR-140-BC,3.71,0.68,-4.348,,,,,
,2007059E,Chromagen Israel Ltd,Chromagen,CR-140-P,3.71,0.668,-5.168,,,,,
,2007057E,Chromagen Israel Ltd,Chromagen,CR-140-SP,3.71,0.699,-4.54,,,,,
,10002196B,Commercial Energy Savings Plus,CESP,SLR-BX-02C15.75,0.196,0.392,-6.995,; added RJH 11/13/24,,,,
,10002196C,Commercial Energy Savings Plus,CESP,SLR-BX-02C31.50,0.325,0.483,-8.503,; added RJH 11/13/24,,,,
,10002196D,Commercial Energy Savings Plus,CESP,SLR-BX-03C31.50,0.492,0.489,-8.372,; added RJH 11/13/24,,,,
,10002196A,Commercial Energy Savings Plus,CESP,SLR-BX-04C31.50,0.653,0.491,-8.502,; added RJH 11/13/24,,,,
,10002196E,Commercial Energy Savings Plus,CESP,SLR-BX-05C37.50,0.904,0.538,-9.141,; added RJH 11/13/24,,,,
,10002196F,Commercial Energy Savings Plus,CESP,SLR-BX-05C50.00,1.159,0.562,-9.504,; added RJH 11/13/24,,,,
,10002196G,Commercial Energy Savings Plus,CESP,SLR-BX-05C75.00,1.69,0.607,-10.22,; added RJH 11/13/24,,,,
,10002093,Commercial Energy Savings Plus,STC,STC100,0.629,0.476,-8.827,,,,,
,10002074,Dehlsen Associates LLC.,ZLUZ,1.0,2.023,0.286,-0.846,,,,,
,2010024B,Dimas SA,Dimas SA,Energy + ECO 15,1.514,0.66,-6.047,,,,,
,2010024C,Dimas SA,Dimas SA,Energy + ECO 17,1.68,0.663,-6.025,,,,,
,2010024D,Dimas SA,Dimas SA,Energy + ECO 19,1.961,0.674,-6.064,,,,,
,2010024E,Dimas SA,Dimas SA,Energy + ECO 20,2.022,0.663,-5.99,,,,,
,2010024F,Dimas SA,Dimas SA,Energy + ECO 23,2.239,0.667,-5.971,,,,,
,2010024A,Dimas SA,Dimas SA,Energy + ECO 25,2.526,0.673,-5.979,,,,,
,2010023B,Dimas SA,Dimas SA,Energy + EVO 15,1.515,0.716,-4.213,; modified - RJH 11/13/24 - was,1.514,0.71,-4.019,
,2010023C,Dimas SA,Dimas SA,Energy + EVO 17,1.68,0.723,-4.234,; modified - RJH 11/13/24 - was,1.68,0.711,-3.967,
,2010023D,Dimas SA,Dimas SA,Energy + EVO 19,1.958,0.73,-4.249,; modified - RJH 11/13/24 - was,1.961,0.723,-3.969,
,2010023E,Dimas SA,Dimas SA,Energy + EVO 20,2.024,0.722,-4.214,; modified - RJH 11/13/24 - was,2.022,0.714,-3.952,
,2010023F,Dimas SA,Dimas SA,Energy + EVO 23,2.024,0.722,-4.214,; modified - RJH 11/13/24 - was,2.239,0.715,-3.897,
,2010023A,Dimas SA,Dimas SA,Energy + EVO 25,2.522,0.734,-4.242,; modified - RJH 11/13/24 - was,2.526,0.721,-3.887,
,2010019B,Dimas SA,Dimas SA,ENERGY+ARGO 15,1.514,0.751,-4.705,; modified - RJH 11/13/24 - was,1.511,0.711,-3.975,
,2010019C,Dimas SA,Dimas SA,ENERGY+ARGO 17,1.68,0.759,-4.73,; modified - RJH 11/13/24 - was,1.68,0.711,-3.914,
,2010019D,Dimas SA,Dimas SA,ENERGY+ARGO 19,1.961,0.765,-4.745,; modified - RJH 11/13/24 - was,1.961,0.723,-3.917,
,2010019E,Dimas SA,Dimas SA,ENERGY+ARGO 20,2.02,0.759,-4.724,; modified - RJH 11/13/24 - was,2.022,0.716,-3.905,
,2010019F,Dimas SA,Dimas SA,ENERGY+ARGO 23,2.239,0.767,-4.747,; modified - RJH 11/13/24 - was,2.239,0.715,-3.844,
,2010019A,Dimas SA,Dimas SA,ENERGY+ARGO 25,2.522,0.767,-4.729,; modified - RJH 11/13/24 - was,2.526,0.722,-3.838,
,10002110,Dimas SA,Dimas SA,ENERGY+ARGO 27,2.675,0.743,-4.493,; modified - RJH 11/13/24 - was,2.68,0.735,-3.91,
,10002143,Dimas SA,Dimas SA,ENERGY+ARGO 29,2.923,0.754,-4.77,; added RJH 11/13/24,,,,
,2011077B,Dimas SA,Dimas SA,SOL+20,2.02,0.73,-4.597,; modified - RJH 11/13/24 - was,2.02,0.713,-3.818,
,2011077C,Dimas SA,Dimas SA,SOL+23,2.239,0.737,-4.62,; modified - RJH 11/13/24 - was,2.239,0.714,-3.747,
,2011077D,Dimas SA,Dimas SA,SOL+25,2.527,0.739,-4.619,; modified - RJH 11/13/24 - was,2.522,0.723,-3.746,
,2011077A,Dimas SA,Dimas SA,SOL+29,2.923,0.73,-4.597,; modified - RJH 11/13/24 - was,2.92,0.729,-3.705,
,10002182H,Dimas SA,Energy+,GEO 15,1.514,0.677,-5.062,; added RJH 11/13/24,,,,
,10002182G,Dimas SA,Energy+,GEO 17,1.694,0.676,-5.033,; added RJH 11/13/24,,,,
,10002182F,Dimas SA,Energy+,GEO 19,1.961,0.687,-5.097,; added RJH 11/13/24,,,,
,10002182E,Dimas SA,Energy+,GEO 20,2.02,0.682,-5.071,; added RJH 11/13/24,,,,
,10002182D,Dimas SA,Energy+,GEO 23,2.239,0.69,-5.102,; added RJH 11/13/24,,,,
,10002182C,Dimas SA,Energy+,GEO 25,2.522,0.693,-5.113,; added RJH 11/13/24,,,,
,10002182B,Dimas SA,Energy+,GEO 27,2.239,0.69,-5.102,; added RJH 11/13/24,,,,
,10002182A,Dimas SA,Energy+,GEO 29,2.923,0.694,-5.101,; added RJH 11/13/24,,,,
,10002193,Dimas SA,Supreme Energy,25,2.52,0.748,-3.536,; added RJH 11/13/24,,,,
,10002194,Dimas SA,Supreme Energy,29,2.92,0.774,-4.753,; added RJH 11/13/24,,,,
,10002163,Dimas SA,TERRA+,EVO 29,2.923,0.752,-4.288,; added RJH 11/13/24,,,,
,2009051A,Dimplex North America Ltd.,Dimplex,DSCA-2M,2.022,0.688,-4.273,,,,,
,10001877,Duda Energy,Duda Solar,SC5815,2.342,0.42,-0.786,,,,,
,10001878,Duda Energy,Duda Solar,SC5820,2.944,0.42,-0.786,; modified - RJH 11/13/24 - was,3.083,,,
,10001879,Duda Energy,Duda Solar,SC5825,3.685,0.42,-0.786,; modified - RJH 11/13/24 - was,3.824,,,
,10001880,Duda Energy,Duda Solar,SC5830,4.426,0.42,-0.786,; modified - RJH 11/13/24 - was,4.565,,,
,2009035A,EarthNet Energy,EarthNet Energy,ENE 16,4.144,0.451,-1.581,,,,,
,2009035B,EarthNet Energy,EarthNet Energy,ENE 24,6.233,0.451,-1.581,,,,,
,2007064A,EchoFirst Inc.,Cleanline-Thermal,CL-T-370,34.495,0.515,-6.363,,,,,
,10001767,EchoFirst Inc.,Echo Building Integrated,ECHO BI 2PV1T,5.089,0.273,-3.432,,,,,
,2012029A,EchoFirst Inc.,Echo Building Integrated,ECHO BI 4PV2T,10.177,0.273,-2.969,,,,,
,10001768,EchoFirst Inc.,Echo Stanchioned,ECHO SM 2PV1T,5.089,0.261,-3.207,,,,,
,2012030A,EchoFirst Inc.,Echo Stanchioned,ECHO SM 4PV2T,10.177,0.261,-2.743,,,,,
,10002013,Energetyka Solarna Ensol Sp. z O.O.,Ensol Flat Plate Solar Collector,"ES2V/2,65 Cu-Al",2.65,0.838,-4.792,,,,,
,10002013,Energetyka Solarna Ensol Sp. z O.O.,Ensol Flat Plate Solar Collector,"ES2V/2,65 Cu-Al",2.65,0.838,-4.792,,,,,
,2006004A,Energy Conservation Products and Services,Solarway,6000,3.001,0.422,-6.01,,,,,
,2006006A,"EnerWorks, Inc.",Commercial Collector,COL-4X8-NL-SG1-SH10US,2.873,0.768,-4.035,,,,,
,10001739,"EnerWorks, Inc.",EnerWorks,FH2500,2.515,0.687,-4.033,,,,,
,2005014A,"EnerWorks, Inc.",Residential Collector,COL-4x8-TL-SG1-SD10US,2.874,0.726,-5.113,,,,,
,2010074A,"EnerWorks, Inc.",S-Power,HP 30/3000/R,4.74,0.562,-1.328,; modified - RJH 11/13/24 - was,5.03,0.477,-1.5,S-Power
,2009062A,"EnerWorks, Inc.",S-Power,S-Power 10/1000 TPS Inside,1.617,0.49,-1.716,,,,,
,2009062B,"EnerWorks, Inc.",S-Power,S-Power 20/2000 TPS Inside,3.184,0.49,-1.716,,,,,
,2009062C,"EnerWorks, Inc.",S-Power,S-Power 30/3000 TPS Inside,4.792,0.49,-1.716,,,,,
,2006002A,Environmental Solar Systems,Sun Mate,SM-14,1.742,0.58,-5.138,,,,,
,10001807,"ergSol, Inc.",ergSol,ergSol 100-6 df,1.59,0.626,-1.398,,,,,
,2011112A,"ergSol, Inc.",ergSol,ergSol 101 hp,5.03,0.477,-1.5,; renamed was: ergSol 303 Dhp - SAC 05/11/21,,,,
,2011110B,"ergSol, Inc.",ergSol,ergSol 202 df,3.184,0.49,-1.716,,,,,
,2011111B,"ergSol, Inc.",ergSol,ergSol 202 hp,3.246,0.43,-1.546,,,,,
,2011111A,"ergSol, Inc.",ergSol,ergSol 303 hp,4.961,0.43,-1.546,,,,,
,2011110C,"ergSol, Inc.",ergSol,ergSol 303df,4.792,0.49,-1.716,,,,,
,2008034C,Ezinc Metal Sanayi ve Ticaret A.S.,EZINC,Superline 3XL USB,3.554,0.74,-4.198,,,,,
,10001742,Ezinc Metal Sanayi ve Ticaret A.S.,EZINC,Superline 3XL USB-1,3.554,0.74,-4.198,,,,,
,2008034B,Ezinc Metal Sanayi ve Ticaret A.S.,EZINC,Superline L USB,2.279,0.737,-4.204,,,,,
,10001741,Ezinc Metal Sanayi ve Ticaret A.S.,EZINC,Superline L USB-1,2.279,0.737,-4.204,,,,,
,2008034A,Ezinc Metal Sanayi ve Ticaret A.S.,EZINC,Superline XXL USB,2.9,0.718,-4.082,,,,,
,10001732,Ezinc Metal Sanayi ve Ticaret A.S.,EZINC,Superline XXL USB-1,2.9,0.718,-4.082,,,,,
,2010066B,"First Solar Products, Inc.",SUNCHASER,FSC016B,2.393,0.333,-1.377,,,,,
,2010066A,"First Solar Products, Inc.",SUNCHASER,FSC020B,2.964,0.333,-1.377,,,,,
,2010066C,"First Solar Products, Inc.",SUNCHASER,FSC030B,4.393,0.333,-1.377,,,,,
,2009091B,Gear Solar,GEAR Solar,Solarpac TP12,1.76,0.375,-1.922,,,,,
,2009091A,Gear Solar,GEAR Solar,Solarpac TP24,3.57,0.375,-1.922,,,,,
,10002072,GreenBase Inc,GreenBase,SMP 2.1,2,0.704,-4.394,,,,,
,2010091B,GREENoneTEC Solarindustrie GmbH,GREENoneTEC,FK 9251N,2.58,0.698,-4.256,; added RJH 11/13/24,,,,
,10002098,GREENoneTEC Solarindustrie GmbH,GREENoneTEC,SUNPAD,2.07,0.466,-2.108,; added RJH 11/13/24,,,,
,10001930,GREENoneTEC Solarindustrie GmbH,Solpal Plus,Solpal Plus L,2.384,0.736,-4.16,; added RJH 11/13/24,,,,
,10002048,GREENoneTEC Solarindustrie GmbH,FK8209 TSA,"FK8209N 3H TSA , FK8209N 4H TSA",2.03,0.675,-4.125,,,,,
,2010091A,GREENoneTEC Solarindustrie GmbH,GREENoneTEC,FK 9251 N / L,2.58,0.709,-3.942,"; updated performance - was: 2.185, 0.626, -3.782 - SAC 05/11/21",,,,
,2006030B,GREENoneTEC Solarindustrie GmbH,GREENoneTEC,FK7250L,2.571,0.686,-3.593,,,,,
,2006030A,GREENoneTEC Solarindustrie GmbH,GREENoneTEC,FK7250N,2.571,0.686,-3.593,,,,,
,10001764,GREENoneTEC Solarindustrie GmbH,GREENoneTEC,GK 3102 FL,10.05,0.733,-3.547,,,,,
,10001765,GREENoneTEC Solarindustrie GmbH,GREENoneTEC,GK 3102 FL-AR,10.05,0.764,-3.502,,,,,
,10001988,GREENoneTEC Solarindustrie GmbH,GREENoneTEC,GK 3133,13.166,0.799,-4.294,,,,,
,10001989,GREENoneTEC Solarindustrie GmbH,GREENoneTEC,GK 3133 S,13.166,0.747,-2.039,; modified - RJH 11/13/24 - was,,0.799,-4.294,
,10001762,GREENoneTEC Solarindustrie GmbH,GREENoneTEC,GK 3502 FL,5.045,0.731,-3.909,,,,,
,10001763,GREENoneTEC Solarindustrie GmbH,GREENoneTEC,GK 3502 FL-AR,5.045,0.761,-3.869,,,,,
,10001986,GREENoneTEC Solarindustrie GmbH,GREENoneTEC,GK 3803,7.911,0.796,-4.311,,,,,
,10001987,GREENoneTEC Solarindustrie GmbH,GREENoneTEC,GK 3803 S,7.91,0.786,-3.723,,,,,
,2012042A,"Guangdong Fivestar Solar Energy Co., Ltd",Fivestar,FP3.0-E,2,0.684,-4.587,,,,,
,2012043A,"Guangdong Fivestar Solar Energy Co., Ltd",Fivestar,FS-PTY95-2.0,2,0.678,-4.426,,,,,
,2007066A,Gull Industries,Gull,5000,2.98,0.651,-6.132,,,,,
,2011041B,"Haining Meilu Solar Energy Water Heater Co., Ltd.",HSMSC,HSMSC58/1800-15,2.325,0.319,-1.262,,,,,
,2011041C,"Haining Meilu Solar Energy Water Heater Co., Ltd.",HSMSC,HSMSC58/1800-18,2.768,0.319,-1.262,,,,,
,2011041D,"Haining Meilu Solar Energy Water Heater Co., Ltd.",HSMSC,HSMSC58/1800-20,3.063,0.319,-1.262,,,,,
,2011041E,"Haining Meilu Solar Energy Water Heater Co., Ltd.",HSMSC,HSMSC58/1800-24,3.654,0.319,-1.262,,,,,
,2011041A,"Haining Meilu Solar Energy Water Heater Co., Ltd.",HSMSC,HSMSC58/1800-30,4.541,0.319,-1.262,,,,,
,2009105B,"Haining Oupairineng Solar Water Heater Co., Ltd",ONOSI,ONS58-15,2.299,0.361,-1.917,,,,,
,2009105C,"Haining Oupairineng Solar Water Heater Co., Ltd",ONOSI,ONS58-18,2.732,0.361,-1.917,,,,,
,2009105D,"Haining Oupairineng Solar Water Heater Co., Ltd",ONOSI,ONS58-20,3.021,0.361,-1.917,,,,,
,2009105A,"Haining Oupairineng Solar Water Heater Co., Ltd",ONOSI,ONS58-24,3.598,0.361,-1.917,,,,,
,2010052A,"Haining Xianke New Material Technology Co., Ltd.",Xianke,XKPH58-15,2.342,0.42,-0.786,"; renamed manufacturer, was: Haining Xianke Solar Energy Technology Co., Ltd. - SAC 05/11/21",,,,
,2010052B,"Haining Xianke New Material Technology Co., Ltd.",Xianke,XKPH58-20,2.944,0.42,-0.786,; modified - RJH 11/13/24 - was,3.083,,,
,2010052C,"Haining Xianke New Material Technology Co., Ltd.",Xianke,XKPH58-25,3.685,0.42,-0.786,; modified - RJH 11/13/24 - was,3.824,,,
,2010052D,"Haining Xianke New Material Technology Co., Ltd.",Xianke,XKPH58-30,4.426,0.42,-0.786,; modified - RJH 11/13/24 - was,4.565,,,
,2011001B,Helioakmi S.A.,Megasun,ST 2000 SELECTIVE,2.031,0.67,-4.404,,,,,
,2011001A,Helioakmi S.A.,Megasun,ST 2500 SELECTIVE,2.638,0.6,-3.707,,,,,
,10002030,"Heliodyne, Inc.",HICS,200 000 000,2.39,0.61,-3.916,; added RJH 11/13/24,,,,
,2007027A,"Heliodyne, Inc.",GOBI,336 001,2.487,0.731,-4.03,,,,,
,2010115B,"Heliodyne, Inc.",GOBI,404 001,1.521,0.732,-3.958,,,,,
,2010115C,"Heliodyne, Inc.",GOBI,406 001,2.503,0.76,-4.322,,,,,
,2010116B,"Heliodyne, Inc.",GOBI,406 002,2.513,0.686,-6.54,; modified - RJH 11/13/24 - was,2.503,0.718,-5.173,
,2010115D,"Heliodyne, Inc.",GOBI,408 001,2.993,0.766,-4.348,,,,,
,2010116C,"Heliodyne, Inc.",GOBI,408 002,2.993,0.722,-5.192,,,,,
,2010115A,"Heliodyne, Inc.",GOBI,410 001,3.74,0.766,-4.342,,,,,
,10001912,"Heliodyne, Inc.",GOBI,410 001 Plus,3.913,0.767,-4.345,,,,,
,2010116A,"Heliodyne, Inc.",GOBI,410 002,3.732,0.724,-5.201,,,,,
,2012027A,"Heliodyne, Inc.",GOBI HT,406 003,2.503,0.767,-3.072,,,,,
,2012027B,"Heliodyne, Inc.",GOBI HT,410 003,3.73,0.774,-3.079,,,,,
,2011116B,"Heliodyne, Inc.",VELUX,CLI M08 5000,1.162,0.634,-2.84,,,,,
,2011116A,"Heliodyne, Inc.",VELUX,CLI S06 5000,1.418,0.655,-2.88,,,,,
,2010063A,"Heliodyne, Inc.",VELUX,CLI U12 5000,2.513,0.686,-3.359,,,,,
,2011120C,HEWALEX Sp.z o.o. Sp.k.,Hewalex,KS2000 TP AC / TLP AC,2.091,0.718,-4.266,,,,,
,2011120B,HEWALEX Sp.z o.o. Sp.k.,Hewalex,KS2300 TP AC / TLP AC,2.307,0.719,-4.245,,,,,
,2011120A,HEWALEX Sp.z o.o. Sp.k.,Hewalex,KS2500 TP AC / TLP AC,2.515,0.687,-4.033,,,,,
,2009097A,"HTP, Inc.",HTP Evacuated Tube,HP-30SC,4.158,0.458,-1.579,,,,,
,2007040A,"HTP, Inc.",North Star,NSC-21,1.997,0.706,-4.91,,,,,
,2007040B,"HTP, Inc.",North Star,NSC-24,2.276,0.706,-4.91,,,,,
,2007040C,"HTP, Inc.",North Star,NSC-26,2.416,0.706,-4.91,,,,,
,10001975,"HTP, Inc.",North Star,NSC-26,2.416,0.727,-5.971,,,,,
,2007040D,"HTP, Inc.",North Star,NSC-28,2.663,0.706,-4.91,,,,,
,2007040E,"HTP, Inc.",North Star,NSC-32,3.035,0.706,-4.91,,,,,
,10001976,"HTP, Inc.",North Star,NSC-32,3.035,0.733,-6.007,,,,,
,2007040F,"HTP, Inc.",North Star,NSC-40,3.916,0.706,-4.91,,,,,
,10001977,"HTP, Inc.",North Star,NSC-40,3.777,0.737,-6.029,,,,,
,2007039A,"HTP, Inc.",Solar Skies,SS-21,1.931,0.706,-4.91,,,,,
,2007039B,"HTP, Inc.",Solar Skies,SS-24,2.212,0.706,-4.91,,,,,
,2007039C,"HTP, Inc.",Solar Skies,SS-26,2.355,0.706,-4.91,,,,,
,10001978,"HTP, Inc.",Solar Skies,SS-26,2.351,0.753,-6.189,,,,,
,10001926,"HTP, Inc.",Solar Skies,SS-26-FP,2.357,0.702,-4.544,,,,,
,2007039D,"HTP, Inc.",Solar Skies,SS-28,2.599,0.706,-4.91,,,,,
,2007039E,"HTP, Inc.",Solar Skies,SS-32,2.965,0.706,-4.91,,,,,
,10001973,"HTP, Inc.",Solar Skies,SS-32,2.96,0.757,-6.204,,,,,
,10001918,"HTP, Inc.",Solar Skies,SS-32-FP,2.967,0.706,-4.556,,,,,
,2007039F,"HTP, Inc.",Solar Skies,SS-40,3.696,0.706,-4.91,,,,,
,10001974,"HTP, Inc.",Solar Skies,SS-40,3.689,0.76,-6.215,,,,,
,10001927,"HTP, Inc.",Solar Skies,SS-40-FP,3.7,0.709,-4.564,,,,,
,2007039G,"HTP, Inc.",Solar Skies,SS-50,4.664,0.706,-4.91,,,,,
,2009039C,"HTP, Inc.",Solar Spectrum,FP-26SC,2.355,0.706,-4.91,,,,,
,2009039E,"HTP, Inc.",Solar Spectrum,FP-32SC,2.965,0.706,-4.91,,,,,
,2009039F,"HTP, Inc.",Solar Spectrum,FP-40SC,3.696,0.706,-4.91,,,,,
,2011050J,"HTP, Inc.",SS Series,SS-16,1.438,0.703,-4.902,,,,,
,2011050K,"HTP, Inc.",SS Series,SS-18,1.752,0.704,-4.907,,,,,
,2010059A,HUCU Solar Espana SL,HUCUSOL,10844 VP,2.294,0.644,-3.536,,,,,
,2009036A,"Innosolar Energy Co., Ltd.",Innosolar,CT Black,2.025,0.72,-4.969,,,,,
,2010025B,Integrated Solar LLC,Architectural Series,AS406C,2.227,0.796,-6.425,,,,,
,2010026B,Integrated Solar LLC,Architectural Series,AS406P,2.229,0.791,-7.544,,,,,
,2010025A,Integrated Solar LLC,Architectural Series,AS408C,2.95,0.798,-6.434,,,,,
,2010026A,Integrated Solar LLC,Architectural Series,AS408P,2.96,0.795,-7.566,,,,,
,2010025C,Integrated Solar LLC,Architectural Series,AS410C,3.686,0.803,-6.459,,,,,
,2010026C,Integrated Solar LLC,Architectural Series,AS410P,3.69,0.8,-7.602,,,,,
,2010025D,Integrated Solar LLC,Architectural Series,AS412C,4.454,0.795,-6.392,,,,,
,2010026D,Integrated Solar LLC,Architectural Series,AS412P,4.458,0.792,-7.517,,,,,
,10002047,IREX Energy Stock Joint Company,SolarBK,CFP-C-200,2.36,0.646,-4.985,"; no direct changes, but prior Bach Koha Invest… model mapped into this one - SAC 05/11/21",,,,
,2011059A,"Jiangsu Micoe Solar Energy Co., Ltd.",Micoe,FPC1200A,2,0.705,-5.101,,,,,
,10001898,"Jiangsu Micoe Solar Energy Co., Ltd.",Micoe,FPC1200D,2,0.679,-4.653,,,,,
,2010082B,"Jiangsu Micoe Solar Energy Co., Ltd.",Micoe,SMG100-10,2.765,0.455,-1.073,,,,,
,2010082C,"Jiangsu Micoe Solar Energy Co., Ltd.",Micoe,SMG100-12,3.323,0.455,-1.073,,,,,
,2010082D,"Jiangsu Micoe Solar Energy Co., Ltd.",Micoe,SMG100-16,4.439,0.455,-1.073,,,,,
,2010082A,"Jiangsu Micoe Solar Energy Co., Ltd.",Micoe,SMG100-8,2.21,0.455,-1.073,,,,,
,10001894,"Jiangsu Micoe Solar Energy Co., Ltd.",Micoe,SZ58/1800-10HA,1.738,0.426,-1.254,,,,,
,10001895,"Jiangsu Micoe Solar Energy Co., Ltd.",Micoe,SZ58/1800-15HA,2.518,0.426,-1.254,,,,,
,10001896,"Jiangsu Micoe Solar Energy Co., Ltd.",Micoe,SZ58/1800-20HA,3.23,0.419,-1.369,; modified - RJH 11/13/24 - was,3.298,0.426,-1.254,
,10001897,"Jiangsu Micoe Solar Energy Co., Ltd.",Micoe,SZ58/1800-25HA,4.078,0.426,-1.254,,,,,
,10001893,"Jiangsu Micoe Solar Energy Co., Ltd.",Micoe,SZ58/1800-30HA,4.816,0.419,-1.369,; modified - RJH 11/13/24 - was,4.858,0.426,-1.254,
,10001791,"Jiangsu Sunpower Solar Technology Co., Ltd",Sunpower,SPA-58/1800-12,1.953,0.383,-2.037,,,,,
,10001792,"Jiangsu Sunpower Solar Technology Co., Ltd",Sunpower,SPA-58/1800-15,2.416,0.383,-2.037,,,,,
,10001793,"Jiangsu Sunpower Solar Technology Co., Ltd",Sunpower,SPA-58/1800-18,2.88,0.383,-2.037,,,,,
,10001794,"Jiangsu Sunpower Solar Technology Co., Ltd",Sunpower,SPA-58/1800-20,3.188,0.383,-2.037,,,,,
,10001945,"Jiangsu Sunpower Solar Technology Co., Ltd",Sunpower,SPA-58/1800-24,3.806,0.383,-2.037,,,,,
,10001795,"Jiangsu Sunpower Solar Technology Co., Ltd",Sunpower,SPA-58/1800-30,4.732,0.383,-2.037,,,,,
,10002152,Jiangsu Sunrain Solar Energy Co. Ltd.,Sunrain,FPC1500C,15.02,0.83,-3.844,; added RJH 11/13/24,,,,
,10001892,Jiangsu Sunrain Solar Energy Co. Ltd.,Sunrain,FPC1200D,2,0.679,-4.653,,,,,
,2011132B,Jiangsu Sunrain Solar Energy Co. Ltd.,Sunrain,TZ47/1500-10U,1.069,0.674,-2.026,; modified - RJH 11/13/24 - was,1.355,0.416,-1.076,
,2011132C,Jiangsu Sunrain Solar Energy Co. Ltd.,Sunrain,TZ47/1500-12U,1.582,0.416,-1.076,,,,,
,2011132A,Jiangsu Sunrain Solar Energy Co. Ltd.,Sunrain,TZ47/1500-15U,1.656,0.674,-2.026,; modified - RJH 11/13/24 - was,1.929,0.416,-1.076,
,2011132D,Jiangsu Sunrain Solar Energy Co. Ltd.,Sunrain,TZ47/1500-16U,2.045,0.416,-1.076,,,,,
,2011132E,Jiangsu Sunrain Solar Energy Co. Ltd.,Sunrain,TZ47/1500-18U,2.274,0.416,-1.076,,,,,
,2011132F,Jiangsu Sunrain Solar Energy Co. Ltd.,Sunrain,TZ47/1500-20U,2.214,0.674,-2.026,; modified - RJH 11/13/24 - was,2.504,0.416,-1.076,
,2011132G,Jiangsu Sunrain Solar Energy Co. Ltd.,Sunrain,TZ47/1500-25U,2.773,0.674,-2.026,; modified - RJH 11/13/24 - was,3.079,0.416,-1.076,
,2011132H,Jiangsu Sunrain Solar Energy Co. Ltd.,Sunrain,TZ47/1500-30U,3.331,0.674,-2.026,; modified - RJH 11/13/24 - was,3.654,0.416,-1.076,
,2009042E,Jiangsu Sunrain Solar Energy Co. Ltd.,Sunrain,TZ58/1800-10R,1.715,0.429,-1.793,; modified - RJH 11/13/24 - was,1.712,0.406,-1.753,
,2011092B,Jiangsu Sunrain Solar Energy Co. Ltd.,Sunrain,TZ58/1800-10R2,1.74,0.373,-2.265,,,,,
,2009042D,Jiangsu Sunrain Solar Energy Co. Ltd.,Sunrain,TZ58/1800-15R,2.489,0.43,-1.797,; modified - RJH 11/13/24 - was,2.594,0.406,-1.753,
,2011092A,Jiangsu Sunrain Solar Energy Co. Ltd.,Sunrain,TZ58/1800-15R2,2.521,0.373,-2.265,,,,,
,2009042A,Jiangsu Sunrain Solar Energy Co. Ltd.,Sunrain,TZ58/1800-20R,3.327,0.43,-1.797,; modified - RJH 11/13/24 - was,3.476,0.406,-1.753,
,2011092C,Jiangsu Sunrain Solar Energy Co. Ltd.,Sunrain,TZ58/1800-20R2,3.301,0.373,-2.265,,,,,
,2009042C,Jiangsu Sunrain Solar Energy Co. Ltd.,Sunrain,TZ58/1800-25R,4.165,0.43,-1.797,; modified - RJH 11/13/24 - was,4.359,0.406,-1.753,
,2011092D,Jiangsu Sunrain Solar Energy Co. Ltd.,Sunrain,TZ58/1800-25R2,4.082,0.373,-2.265,,,,,
,2009042B,Jiangsu Sunrain Solar Energy Co. Ltd.,Sunrain,TZ58/1800-30R,5,0.43,-1.797,; modified - RJH 11/13/24 - was,5.241,0.406,-1.753,
,2011092E,Jiangsu Sunrain Solar Energy Co. Ltd.,Sunrain,TZ58/1800-30R2,4.863,0.373,-2.265,,,,,
,2011126B,"Jiaxing Tjsun New Energy Co., Ltd.",Tjsun,TJ-ZRG58/18A-12,1.917,0.401,-1.465,,,,,
,2011126C,"Jiaxing Tjsun New Energy Co., Ltd.",Tjsun,TJ-ZRG58/18A-15,2.358,0.401,-1.465,,,,,
,2011126D,"Jiaxing Tjsun New Energy Co., Ltd.",Tjsun,TJ-ZRG58/18A-18,2.799,0.401,-1.465,,,,,
,2011126E,"Jiaxing Tjsun New Energy Co., Ltd.",Tjsun,TJ-ZRG58/18A-20,3.093,0.401,-1.465,,,,,
,2011126F,"Jiaxing Tjsun New Energy Co., Ltd.",Tjsun,TJ-ZRG58/18A-24,3.681,0.401,-1.465,,,,,
,2011126A,"Jiaxing Tjsun New Energy Co., Ltd.",Tjsun,TJ-ZRG58/18A-30,4.563,0.401,-1.465,,,,,
,2012012A,"Kangnam Co., Ltd.",Kangnam,KNSC-003.1,2.03,0.589,-3.405,,,,,
,2010118A,KBB Kollektorbau,KBB,K420-MS-AL,2.151,0.73,-4.183,,,,,
,10002031,KBB Kollektorbau,KBB,K420-MS-Al,2.17,0.747,-4.38,,,,,
,10001990,KBB Kollektorbau,KBB,K423-MS-AL,2.493,0.728,-4.158,,,,,
,10002032,KBB Kollektorbau,KBB,K423-MS-Al,2.51,0.747,-4.38,,,,,
,10002033,KBB Kollektorbau,KBB,K425-MS-Al,2.74,0.747,-4.38,,,,,
,10002042,KBB Kollektorbau,KBB,K5-3Giga,7.45,0.78,-3.149,,,,,
,10002041,KBB Kollektorbau,KBB,K5-3Giga+,7.45,0.744,-3.035,,,,,
,2009121A,KBB Kollektorbau,KBB Kollektorbau,K423-DH,2.511,0.714,-3.997,,,,,
,10001913,"K-Cor, Inc.",K-cor Rocket Dome,6-stc,2.62,0.573,-6.562,,,,,
,10001770,Kingspan Environmental Ltd.,Kingspan Solar,FPW18U,1.79,0.691,-3.63,,,,,
,10001771,Kingspan Environmental Ltd.,Kingspan Solar,FPW25U,2.421,0.705,-3.64,,,,,
,2011060A,Kingspan Environmental Ltd.,Kinspan Solar Flat Plate,FP200,1.99,0.743,-4.089,,,,,
,2011060B,Kingspan Environmental Ltd.,Kinspan Solar Flat Plate,FP240,2.41,0.747,-4.098,,,,,
,2003004A,Kingspan Environmental Ltd.,Solamax,AST20,2.849,0.574,-3.049,,,,,
,2003004B,Kingspan Environmental Ltd.,Solamax,AST30,4.28,0.574,-3.049,,,,,
,2003004C,Kingspan Environmental Ltd.,Solamax,AST50,7.129,0.574,-3.049,,,,,
,2003004D,Kingspan Environmental Ltd.,Solamax,AST70,9.978,0.574,-3.049,,,,,
,2003004E,Kingspan Environmental Ltd.,Solamax,AST80,11.408,0.574,-3.049,,,,,
,2010058C,Kingspan Environmental Ltd.,Thermomax,CS-40,4.253,0.55,-1.709,,,,,
,2009049A,Kingspan Environmental Ltd.,Thermomax,DF100-10,2.849,0.603,-1.58,,,,,
,2009049B,Kingspan Environmental Ltd.,Thermomax,DF100-20,1.424,0.55,-1.709,,,,,
,2009049C,Kingspan Environmental Ltd.,Thermomax,DF100-30,4.268,0.603,-1.58,,,,,
,10001963,Kingspan Environmental Ltd.,Thermomax,DF400-20,2.767,0.589,-1.188,,,,,
,10001964,Kingspan Environmental Ltd.,Thermomax,DF400-30,4.152,0.589,-1.188,,,,,
,2009050A,Kingspan Environmental Ltd.,Thermomax,HP250-10,1.424,0.55,-1.709,,,,,
,2009050B,Kingspan Environmental Ltd.,Thermomax,HP250-20,2.838,0.55,-1.709,,,,,
,2009050C,Kingspan Environmental Ltd.,Thermomax,HP250-30,4.253,0.55,-1.709,,,,,
,2009050D,Kingspan Environmental Ltd.,Thermomax,HP250-50,7.081,0.55,-1.709,,,,,
,2009050E,Kingspan Environmental Ltd.,Thermomax,HP250-70,9.91,0.55,-1.709,,,,,
,2009050F,Kingspan Environmental Ltd.,Thermomax,HP250-80,11.325,0.55,-1.709,,,,,
,10002023,Kingspan Environmental Ltd.,Thermomax,HP450RF-20,2.782,0.56,-1.877,,,,,
,10001778,Kingspan Solar Inc.,Flat Plate,FPW30U,2.967,0.701,-3.601,,,,,
,2012014A,Kingspan Solar Inc.,KINGSPAN SOLAR,FP200H,2.019,0.721,-4.413,,,,,
,2012014B,Kingspan Solar Inc.,KINGSPAN SOLAR,FP240H,2.378,0.747,-4.558,,,,,
,10001870,Kingspan Solar Inc.,Kingspan Solar,FPW18,1.799,0.711,-4.005,,,,,
,10001871,Kingspan Solar Inc.,Kingspan Solar,FPW25,2.421,0.727,-4.021,,,,,
,10001872,Kingspan Solar Inc.,Kingspan Solar,FPW30,2.967,0.727,-3.994,,,,,
,10001723,Kingspan Solar Inc.,Thermomax,HP450-20,2.782,0.56,-1.877,,,,,
,10001725,Kingspan Solar Inc.,Thermomax,HP450-30,4.178,0.56,-1.877,,,,,
,10001724,Kingspan Solar Inc.,Varisol,Varisol DF,2.793,0.599,-1.994,,,,,
,2009077A,KIOTO Clear Energy S.A. de C.V.,KIOTO Clear Energy,FP 1.20.0 HE sc,2.031,0.68,-3.754,,,,,
,2009076A,KIOTO Clear Energy S.A. de C.V.,KIOTO Clear Energy,FP 1.20.0 LE sc,2.031,0.67,-4.404,,,,,
,2009046B,KIOTO Clear Energy S.A. de C.V.,Kioto Clear Energy,FP 7.25.0 H,2.571,0.686,-3.593,,,,,
,2009046A,KIOTO Clear Energy S.A. de C.V.,Kioto Clear Energy,FP 7.25.0 V,2.571,0.686,-3.593,,,,,
,2011115B,Kloben Sud S.r.l.,Solar Collectors Sky Pro 1500,SKY PRO 10L CPC 58,1.836,0.609,-1.051,,,,,
,2011115C,Kloben Sud S.r.l.,Solar Collectors Sky Pro 1500,SKY PRO 12L CPC 58,2.194,0.609,-1.051,,,,,
,2011115D,Kloben Sud S.r.l.,Solar Collectors Sky Pro 1500,SKY PRO 14L CPC 58,2.551,0.609,-1.051,,,,,
,2011115E,Kloben Sud S.r.l.,Solar Collectors Sky Pro 1500,SKY PRO 16L CPC 58,2.909,0.609,-1.051,,,,,
,2011115F,Kloben Sud S.r.l.,Solar Collectors Sky Pro 1500,SKY PRO 18L CPC 58,3.266,0.609,-1.051,,,,,
,2011115G,Kloben Sud S.r.l.,Solar Collectors Sky Pro 1500,SKY PRO 20L CPC 58,3.624,0.609,-1.051,,,,,
,2011115A,Kloben Sud S.r.l.,Solar Collectors Sky Pro 1500,SKY PRO 8L CPC 58,1.479,0.609,-1.051,,,,,
,2011125A,Kloben Sud S.r.l.,Solar Collectors Sky Pro 1800,SKY PRO 10 CPC 58,2.166,0.624,-0.975,,,,,
,2011125B,Kloben Sud S.r.l.,Solar Collectors Sky Pro 1800,SKY PRO 12 CPC 58,2.589,0.624,-0.975,,,,,
,2011125C,Kloben Sud S.r.l.,Solar Collectors Sky Pro 1800,SKY PRO 14 CPC 58,3.013,0.624,-0.975,,,,,
,2011125D,Kloben Sud S.r.l.,Solar Collectors Sky Pro 1800,SKY PRO 16 CPC 58,3.436,0.624,-0.975,,,,,
,2011125E,Kloben Sud S.r.l.,Solar Collectors Sky Pro 1800,SKY PRO 18 CPC 58,3.86,0.624,-0.975,,,,,
,2011125F,Kloben Sud S.r.l.,Solar Collectors Sky Pro 1800,SKY PRO 20 CPC 58,4.283,0.624,-0.975,,,,,
,2011125G,Kloben Sud S.r.l.,Solar Collectors Sky Pro 1800,SKY PRO 22 CPC 58,4.707,0.624,-0.975,,,,,
,2010061B,"Lochinvar, LLC",Lochinvar/TiSun,SCH065,6.1,0.732,-4.068,,,,,
,2010061A,"Lochinvar, LLC",Lochinvar/TiSun,SCH090,8.076,0.714,-3.96,,,,,
,2010061C,"Lochinvar, LLC",Lochinvar/TiSun,SCH110,10.1,0.738,-4.098,,,,,
,2010061D,"Lochinvar, LLC",Lochinvar/TiSun,SCH130,12.1,0.737,-4.087,,,,,
,2010062A,"Lochinvar, LLC",Lochinvar/TiSun,SLV030 / SLH030,2.552,0.739,-4.097,,,,,
,10001946,Magen Eco-Energy,eco - Flare PRO,eco - Flare PRO,2.117,0.572,-5.409,,,,,
,10001736,Magen Eco-Energy,eco - Spark,Spark 30,2.866,0.743,-17.788,,,,,
,10001735,Magen Eco-Energy,eco - Spark,Spark 40,3.961,0.743,-16.858,,,,,
,2011010A,Magen Eco-Energy,eco FLARE,3M,2.25,0.545,-6.213,,,,,
,10002177,"MC Green Solutions, LLC",MC Green,MCG-18,1.68,0.682,-5.324,; added RJH 11/13/24,,,,
,2007070A,Modern Market Inc.,Good Friend Solar Water Heater,GD150-25,2.973,0.368,-1.638,,,,,
,2011002A,Modulo Solar SA de CV,MAXOL FULL PLATE 2.0,FP 1.20.0 LE sc,2.031,0.67,-4.404,,,,,
,2011118A,Modulo Solar SA de CV,Modulo Solar,Maxol MS 2.5,2.506,0.708,-4.265,,,,,
,10002115,Naked Energy Ltd,Virtu HOT,Virtu HOT,0.65,0.438,-2.278,; added - SAC 05/11/21,,,,
,10002116,Naked Energy Ltd,Virtu HOT HD,Virtu HOT HD,0.47,0.587,-3.124,; added - SAC 05/11/21,,,,
,2008040A,"Next Generation Energy, LLC","Next Generation Energy, LLC",NGE-216-TU,2.334,0.488,-1.461,,,,,
,2008040B,"Next Generation Energy, LLC","Next Generation Energy, LLC",NGE-224-TU,3.477,0.488,-1.461,,,,,
,2010088A,Nimrod Industries Ltd.,Nimrod Industries Ltd.,NIM15,1.695,0.625,-5.706,,,,,
,2010088B,Nimrod Industries Ltd.,Nimrod Industries Ltd.,NIM21,2.362,0.639,-5.81,,,,,
,2010088C,Nimrod Industries Ltd.,Nimrod Industries Ltd.,NIM23,2.442,0.654,-5.941,,,,,
,2010088D,Nimrod Industries Ltd.,Nimrod Industries Ltd.,NIM25,2.81,0.64,-5.806,,,,,
,2010051A,NY Thermal Inc. (NTI),NTI,SRT-215,2.152,0.699,-4.142,,,,,
,2011064B,Oventrop Corporation,OKP,OKP-10,1.835,0.343,-2.829,,,,,
,2011064A,Oventrop Corporation,OKP,OKP-20,3.392,0.343,-2.829,,,,,
,2010034A,Oventrop Corporation,Oventrop Corporation,540 00 18-LI,2.038,0.671,-5.473,,,,,
,2010033A,Oventrop Corporation,Oventrop Corporation,540 00 18-TT,2.038,0.636,-5.259,,,,,
,2006028A,Oventrop Corporation,Oventrop Solar,OV 10-10 AS/AB,1.679,0.462,-1.565,,,,,
,2006028B,Oventrop Corporation,Oventrop Solar,OV 10-20 AS/AB,3.394,0.462,-1.565,,,,,
,2006027B,Oventrop Corporation,Oventrop Solar,OV 5-16 AS/AB,4.097,0.492,-1.924,,,,,
,2006027C,Oventrop Corporation,Oventrop Solar,OV 5-24 AS/AB,6.124,0.492,-1.924,,,,,
,2006027A,Oventrop Corporation,Oventrop Solar,OV 5-8 AS/AB,2.028,0.492,-1.924,,,,,
,10001965,Oventrop Corporation,OVF-21,5400307,1.997,0.713,-5.892,,,,,
,10001966,Oventrop Corporation,OVF-32,5400408,3.035,0.733,-6.007,,,,,
,10001967,Oventrop Corporation,OVF-40,5400410,3.777,0.737,-6.029,,,,,
,2007063A,Pacific West Solar,Freeze Safe,FS410,3.871,0.666,-5.155,,,,,
,10002176A,Papaemmanouel S.A.,FMAX,"1.50, 1.50H",1.51,0.75,-4.308,; added RJH 11/13/24,,,,
,10002176B,Papaemmanouel S.A.,FMAX,"1.82, 1.82H",1.82,0.785,-4.775,; added RJH 11/13/24,,,,
,10002176C,Papaemmanouel S.A.,FMAX,"2.0, 2.00H",2,0.772,-4.778,; added RJH 11/13/24,,,,
,10002176D,Papaemmanouel S.A.,FMAX,"2.37, 2.37H",2.37,0.78,-4.804,; added RJH 11/13/24,,,,
,10002176E,Papaemmanouel S.A.,FMAX,"2.72, 2.72H",2.72,0.761,-3.777,; added RJH 11/13/24,,,,
,10002190,Papaemmanouel S.A.,FMAX TOP,2.72,2.73,0.784,-3.66,; added RJH 11/13/24,,,,
,10002191,Papaemmanouel S.A.,MTEC,2.72,2.726,0.804,-3.86,; added RJH 11/13/24,,,,
,10002174,Papaemmanouel S.A.,OLC,200,2.005,0.667,-4.57,; added RJH 11/13/24,,,,
,2011090A,Papaemmanouel S.A.,Solar Flame,ASL0580.S86RS-1.5m2,1.499,0.678,-4.311,,,,,
,2011090B,Papaemmanouel S.A.,Solar Flame,ASL0580.S86RS-1.82m2,1.822,0.687,-4.321,,,,,
,2011090C,Papaemmanouel S.A.,Solar Flame,ASL0580.S86RS-2.0m2,2.004,0.684,-4.303,,,,,
,2011090D,Papaemmanouel S.A.,Solar Flame,ASL0580.S86RS-2.37m2,2.374,0.693,-4.314,,,,,
,2011090E,Papaemmanouel S.A.,Solar Flame,ASL0580.S86RS-2.72m2,2.722,0.695,-4.308,,,,,
,10001921,Papaemmanouel S.A.,SOLAR FLAME,US-SOL_2.72m2,2.72,0.759,-4.425,,,,,
,10001922,Papaemmanouel S.A.,SOLAR FLAME,US-SOL_2.72m2 HORIZONTAL,2.72,0.751,-4.384,,,,,
,10002061,Photonomi Global Group,HONE,501 Gen 5,1.68,0.745,-2.381,,,,,
,10001931,"PIEP Solar Technology Co., Ltd.",PIEP,PIEP1020-N01A,2,0.682,-4.593,,,,,
,10002172A,Pleion SpA,EGO,220,2.77,0.79,-4.008,; added RJH 11/13/24,,,,
,10002172B,Pleion SpA,EGO,260,3.185,0.799,-4.556,; added RJH 11/13/24,,,,
,10002045,R&R Solar Supply,SunPro,SunPro21,1.929,0.673,-6.439,,,,,
,10002043,R&R Solar Supply,SunPro,SunPro24,2.201,0.673,-6.439,,,,,
,10001727,R&R Solar Supply,SunPro,SunPro32,2.954,0.673,-6.439,; added - SAC 05/11/21,,,,
,10002044,R&R Solar Supply,SunPro,SunPro40,3.684,0.673,-6.439,,,,,
,10001859,R&R Solar Supply,SunStar,SS-40T,3.764,0.737,-6.026,,,,,
,2011088A,RG Resource Technologies,Power Panel,MODEL T1,0.985,0.539,-10.269,"; renamed manufacturer, was: Power Panel Inc. - SAC 05/11/21",,,,
,2012015A,RG Resource Technologies,Power Panel,PVT1,0.985,0.751,-3.57,,,,,
,10001806,Rheem Water Heaters,Rheem,RS21-BC,2.003,0.761,-3.9485,; modified - RJH 11/13/24 - was,,0.775,-5.103,
,10001805,Rheem Water Heaters,Rheem,RS21-BP,2.003,0.778,-6.541,; modified - RJH 11/13/24 - was,,0.789,-7.939,
,2005023A,Rheem Water Heaters,Rheem,RS21-SC,1.983,0.75,-4.867,,,,,
,2009094A,Rheem Water Heaters,Rheem,RS24-BC,2.298,0.735,-4.041,,,,,
,2009057C,Rheem Water Heaters,Rheem,RS24-BP,2.29,0.702,-2.2766,; modified - RJH 11/13/24 - was,,0.728,-5.077,
,2009094B,Rheem Water Heaters,Rheem,RS32-BC,3.051,0.753,-4.106,,,,,
,2009057B,Rheem Water Heaters,Rheem,RS32-BP,3.0505,0.718,-2.3001,; modified - RJH 11/13/24 - was,3.051,0.744,-5.162,
,2009094C,Rheem Water Heaters,Rheem,RS40-BC,3.796,0.758,-4.125,,,,,
,2009057A,Rheem Water Heaters,Rheem,RS40-BP,3.8,0.718,-2.2906,; modified - RJH 11/13/24 - was,,0.744,-5.151,
,2008008A,Ritter Energie - und Umwelttechnik GmbH & Co. KG,Ritter Solar,CPC 12 INOX,2.28,0.555,-0.996,,,,,
,2008008D,Ritter Energie - und Umwelttechnik GmbH & Co. KG,Ritter Solar,CPC 12 OEM,2.28,0.555,-0.996,,,,,
,2008010D,Ritter Energie - und Umwelttechnik GmbH & Co. KG,Ritter Solar,CPC 12 XL INOX,2.848,0.58,-1.05,,,,,
,2008008G,Ritter Energie - und Umwelttechnik GmbH & Co. KG,Ritter Solar,CPC 14 Star Azzurro / CPC 14 OEM MONO,2.633,0.555,-0.996,,,,,
,2008009A,Ritter Energie - und Umwelttechnik GmbH & Co. KG,Ritter Solar,CPC 16 w INOX,3.522,0.561,-1.102,,,,,
,2008008C,Ritter Energie - und Umwelttechnik GmbH & Co. KG,Ritter Solar,CPC 18 INOX,3.41,0.555,-0.996,,,,,
,2008008F,Ritter Energie - und Umwelttechnik GmbH & Co. KG,Ritter Solar,CPC 18 OEM,3.41,0.555,-0.996,,,,,
,2008009B,Ritter Energie - und Umwelttechnik GmbH & Co. KG,Ritter Solar,CPC 20 w INOX,4.39,0.561,-1.102,,,,,
,2008008H,Ritter Energie - und Umwelttechnik GmbH & Co. KG,Ritter Solar,CPC 21 Star Azzurro / CPC 21 OEM MONO,4.009,0.555,-0.996,,,,,
,2008010A,Ritter Energie - und Umwelttechnik GmbH & Co. KG,Ritter Solar,CPC 30 Star Azzurro / CPC 30 OEM MONO,3.301,0.58,-1.05,,,,,
,2008009C,Ritter Energie - und Umwelttechnik GmbH & Co. KG,Ritter Solar,CPC 32 Allstar,3.522,0.561,-1.102,,,,,
,2008009D,Ritter Energie - und Umwelttechnik GmbH & Co. KG,Ritter Solar,CPC 40 Allstar,4.39,0.561,-1.102,,,,,
,2008010B,Ritter Energie - und Umwelttechnik GmbH & Co. KG,Ritter Solar,CPC 45 Star Azzurro / CPC 45 OEM MONO,4.94,0.58,-1.05,,,,,
,2008008B,Ritter Energie - und Umwelttechnik GmbH & Co. KG,Ritter Solar,CPC 6 INOX,1.15,0.555,-0.996,,,,,
,2008008E,Ritter Energie - und Umwelttechnik GmbH & Co. KG,Ritter Solar,CPC 6 OEM,1.15,0.555,-0.996,,,,,
,2008010C,Ritter Energie - und Umwelttechnik GmbH & Co. KG,Ritter Solar,CPC 6 XL INOX,1.339,0.58,-1.05,,,,,
,2008011A,Ritter Energie - und Umwelttechnik GmbH & Co. KG,Ritter Solar,OEM 21,2.364,0.428,-1.517,,,,,
,2008003A,"Roth Industries, Inc.",Roth,Heliostar 252,2.528,0.737,-3.888,,,,,
,2010069A,"Roth Industries, Inc.",Roth Heliostar,252 S4,2.52,0.682,-4.327,,,,,
,2008035A,"Roth Industries, Inc.",ROTH R1,ROTH R1,1.296,0.543,-1.227,,,,,
,2007047B,Rural Renewable Energy Alliance,RREAL Solar Powered Furnace (SPF),SPF 26,2.424,0.598,-7.676,,,,,
,2007047C,Rural Renewable Energy Alliance,RREAL Solar Powered Furnace (SPF),SPF 32,3.045,0.602,-7.712,,,,,
,2007047A,Rural Renewable Energy Alliance,RREAL Solar Powered Furnace (SPF),SPF 40,3.788,0.607,-7.769,,,,,
,10002081,SAMMLER B MICHALOPOULOS AEBE,SAMMLER,ARIS2004,2.11,0.68,-4.322,; modified - RJH 11/13/24 - was,,0.689,-4.463,
,10002082,SAMMLER B MICHALOPOULOS AEBE,SAMMLER,ARIS2504,2.516,0.702,-4.401,; modified - RJH 11/13/24 - was,,0.701,-4.512,
,2009095A,SEA Groups Ltd.,SEA,SEA-FZ58-18,2.812,0.311,-1.247,"; manufact. renamed, was: SEA Group Ltd. - SAC 05/11/21",,,,
,2011070A,Shandong Linuo New Material Co. Ltd.,LINUO SOLAR,LN-RG-WF-1.0/10-58/1800-B1,1.515,0.414,-2.387,,,,,
,2011070B,Shandong Linuo New Material Co. Ltd.,LINUO SOLAR,LN-RG-WF-1.8/18-58/1800-B1,2.673,0.414,-2.387,,,,,
,2011070C,Shandong Linuo New Material Co. Ltd.,LINUO SOLAR,LN-RG-WF-2.0/20-58/1800-B1,2.963,0.414,-2.387,,,,,
,2011070D,Shandong Linuo New Material Co. Ltd.,LINUO SOLAR,LN-RG-WF-2.4/24-58/1800-B1,3.542,0.414,-2.387,,,,,
,2011070E,Shandong Linuo New Material Co. Ltd.,LINUO SOLAR,LN-RG-WF-2.5/25-58/1800-B1,3.686,0.414,-2.387,,,,,
,2011070F,Shandong Linuo New Material Co. Ltd.,LINUO SOLAR,LN-RG-WF-3.0/30-58/1800-B1,4.41,0.414,-2.387,,,,,
,2007017A,Shandong Linuo New Material Co. Ltd.,Shandong Linuo New Material Co. Ltd.,LN-RG-WF-1.6/16-47-1500-A,1.785,0.403,-1.566,,,,,
,10001994,"Sichuan PiEP Solar Technology Co., Ltd.",PIEP,PIEP4896-S01A,2.977,0.726,-4.567,,,,,
,10001769,Silk Road Solar,Silk Road Solar,Sapphire,2.749,0.409,-1.676,,,,,
,10002024,Silk Road Solar,Silk Road Solar,Sol Duc,3.034,0.365,-1.361,,,,,
,10001890,"SINSANE Co., Ltd.",I-solar,SSN65-12,3.022,0.368,-5.238,,,,,
,10001996,Solahart Industries,Solahart,APA2007,2.082,0.627,-5.529,; modified - RJH 11/13/24 - was,,0.637,-6.845,
,2004007A,Solahart Industries,Solahart,Bt,1.983,0.75,-4.867,,,,,
,10001955,Solahart Industries,Solahart,Bt (laser welded),2,0.745,-4.679,,,,,
,2011098A,Solahart Industries,Solahart,"Bt, ( laser welded )",1.986,0.743,-3.856,,,,,
,10001947,Solahart Industries,Solahart,CSA2007,2.082,0.649,-3.252,; modified - RJH 11/13/24 - was,,0.655,-4.083,
,10001995,Solahart Industries,Solahart,CSA2010,2.082,0.693,-3.242,; modified - RJH 11/13/24 - was,,0.702,-4.42,
,10001948,Solahart Industries,Solahart,CSA2013,2.082,0.696,-3.395,; modified - RJH 11/13/24 - was,,0.703,-4.296,
,2012020A,Solahart Industries,Solahart,J,2.003,0.778,-6.541,; modified - RJH 11/13/24 - was,,0.789,-7.939,
,2012021A,Solahart Industries,Solahart,Kf,2.003,0.761,-3.9485,; modified - RJH 11/13/24 - was,,0.775,-5.103,
,2012008A,Solahart Industries,Solahart,L,2.01,0.633,-5.802,; modified - RJH 11/13/24 - was,,0.641,-6.736,
,10001839,Solahart Industries,Solahart,LC,2.01,0.633,-5.802,; modified - RJH 11/13/24 - was,,0.641,-6.736,
,2011082A,Solahart Industries,Solahart,LCS,1.986,0.671,-3.5923,; modified - RJH 11/13/24 - was,,0.676,-4.105,
,10001950,Solahart Industries,Solahart,SCA2000,2.082,0.734,-3.734,; modified - RJH 11/13/24 - was,,0.744,-5.05,
,10001951,Solahart Industries,Solahart,SPA2000,2.082,0.708,-5.953,; modified - RJH 11/13/24 - was,,0.722,-7.754,
,10001998,"ZHEJIANG JURE SOLAR TECHNOLOGY CO., LTD.",SHT,2000A,2,0.725,-4.86,"; modified - RJH 11/13/24 - was named SolAqua, Inc.",,0.72,-4.959,
,10002002,"ZHEJIANG JURE SOLAR TECHNOLOGY CO., LTD.",SHT,2000B,2,0.674,-4.966,"; modified - RJH 11/13/24 - was named SolAqua, Inc.",,0.674,-4.94,
,10002009,"ZHEJIANG JURE SOLAR TECHNOLOGY CO., LTD.",SHT,2000H,2,0.758,-4.678,"; modified - RJH 11/13/24 - was named SolAqua, Inc.",,0.758,-4.583,
,10002000,"ZHEJIANG JURE SOLAR TECHNOLOGY CO., LTD.",SHT,4X10A,3.72,0.706,-4.45,"; modified - RJH 11/13/24 - was named SolAqua, Inc.",,0.701,-4.511,
,10002001,"ZHEJIANG JURE SOLAR TECHNOLOGY CO., LTD.",SHT,4X10B,3.72,0.685,-5.025,"; modified - RJH 11/13/24 - was named SolAqua, Inc.",,0.674,-4.94,
,10002008,"ZHEJIANG JURE SOLAR TECHNOLOGY CO., LTD.",SHT,4X10H,3.72,0.773,-4.609,"; modified - RJH 11/13/24 - was named SolAqua, Inc.",,0.758,-4.583,
,2011102A,Solar America Solutions,Solar America Solutions,SunQuest 250,3.82,0.428,-1.86,"; modified - RJH 11/13/24 - was named SolAqua, Inc.",3.815,0.422,-1.501,
,2010036A,"Solar Coil, LLC",Solar Coil (ICS),SC092809BK,0.886,0.648,-9.294,,,,,
,2008050A,Solar Panels Plus,Solar Panels Plus,SPP-22,3.518,0.481,-1.334,,,,,
,2008050C,Solar Panels Plus,Solar Panels Plus,SPP-25,4.002,0.481,-1.334,,,,,
,2008050B,Solar Panels Plus,Solar Panels Plus,SPP-30,4.81,0.481,-1.334,,,,,
,2008050D,Solar Panels Plus,Solar Panels Plus,SPP-30A,4.81,0.481,-1.334,,,,,
,10001786,Solar Panels Plus,Solar Panels Plus - Monarch 32,SPP-Monarch-32,2.928,0.733,-4.305,,,,,
,10001785,Solar Panels Plus,Solar Panels Plus - Monarch 40,SPP-Monarch-40,3.66,0.734,-4.301,,,,,
,10001788,Solar Panels Plus,Solar Panels Plus - Spartan 32,SPP-Spartan-32,2.975,0.708,-5.132,,,,,
,10001790,Solar Panels Plus,Solar Panels Plus - Spartan 40,SPP-Spartan-40,3.71,0.711,-5.136,,,,,
,2011139A,Solar Power Formulators,SPF,SPF-ET20HP,3.476,0.406,-1.753,,,,,
,2010092A,"Solargenix Energy, LLC",NT-FLEX,NTFLEX10,2.185,0.626,-3.782,,,,,
,2011004A,"Solargenix Energy, LLC",Solargenix NT-24,NT-24-10,2.229,0.678,-3.869,,,,,
,2011114A,"Solargenix Energy, LLC",Solargenix NT-48,NT-48-10,4.467,0.64,-3.271,,,,,
,2005003A,"Solargenix Energy, LLC",Winston Series CPC,WS0503,2.239,0.6,-5.679,,,,,
,2010038A,Solarhot,SOLARHOT,S-C-771D26,2.446,0.729,-4.264,,,,,
,2010038B,Solarhot,SOLARHOT,S-C-771D32,2.928,0.733,-4.305,,,,,
,2010038C,Solarhot,SOLARHOT,S-C-771D40,3.66,0.734,-4.301,,,,,
,2006048A,Solarhot,SOLARHOT Solstice,S-SC-126S26,2.922,0.707,-5.122,,,,,
,2006048B,Solarhot,SOLARHOT Solstice,S-SC-126S32,2.975,0.708,-5.132,,,,,
,2006048C,Solarhot,SOLARHOT Solstice,S-SC-126S40,3.71,0.711,-5.136,,,,,
,2010028A,Solcan / 174945 Ontario Inc.,Solcan,2101,2.889,0.701,-4.216,,,,,
,2009075B,Sole S.A.,Climasol,Climasol 1.75,1.76,0.628,-4.228,,,,,
,2009075A,Sole S.A.,Climasol,Climasol 2.00,1.921,0.629,-4.226,,,,,
,2009075C,Sole S.A.,Climasol,Climasol 2.50,2.315,0.637,-4.231,,,,,
,2009075D,Sole S.A.,Climasol,Climasol 2.70,2.677,0.64,-4.235,,,,,
,2006045A,Solene,AURORA,SLAR-24,2.23,0.784,-4.614,,,,,
,2011074C,Solene,AURORA,SLAR-24SPA,2.235,0.711,-4.055,,,,,
,2009058B,Solene,AURORA,SLAR-32,2.973,0.787,-4.611,,,,,
,2007045C,Solene,AURORA,SLAR-32P,2.973,0.689,-6.304,,,,,
,2011074B,Solene,AURORA,SLAR-32SPA,2.979,0.716,-4.035,,,,,
,2009058C,Solene,AURORA,SLAR-40,3.716,0.79,-4.61,,,,,
,2007045D,Solene,AURORA,SLAR-40P,3.716,0.691,-6.305,,,,,
,2011074A,Solene,AURORA,SLAR-40SPA,3.727,0.719,-4.071,,,,,
,10002077,Solene,Solene,SLAR-24,2.23,0.74,-4.064,,,,,
,10002076,Solene,Solene,SLAR-32,2.973,0.743,-4.057,,,,,
,10002075,Solene,Solene,SLAR-40,3.716,0.745,-4.054,,,,,
,10001923,Solene,Solene,SLSG-40,3.717,0.737,-4.651,,,,,
,10002078,Solene,Solene,SLSG-40 PLUS,3.716,0.745,-4.067,,,,,
,2011086A,Solene,Solene EcoFLARE,SLEF-24,2.25,0.545,-6.213,,,,,
,2009058A,Solene,Solene-Corona,SLCO-30,2.278,0.782,-4.6,,,,,
,2006045B,Solene,Solene-Corona,SLCO-32,2.973,0.787,-4.611,,,,,
,2007045A,Solene,Solene-Corona,SLCO-32P,2.973,0.689,-6.304,,,,,
,2006045C,Solene,Solene-Corona,SLCO-40,3.716,0.79,-4.61,,,,,
,2007045B,Solene,Solene-Corona,SLCO-40P,3.716,0.691,-6.305,,,,,
,10002114,SOLID Solar Energy Systems GmbH,ensol,DIS 150,15.5,0.75,-3.299,; added - SAC 05/11/21,,,,
,10001834,Solight Solar Inc,Solight,44,1.425,0.532,-7.06,,,,,
,2010008B,Solimpeks Solar Energy Corp,Marvel,CLS 1808,1.838,0.686,-4.59,,,,,
,2010008A,Solimpeks Solar Energy Corp,Marvel,CLS 2510,2.48,0.697,-4.573,,,,,
,10001863,Solimpeks Solar Energy Corp,Wunder ALS,1809,1.786,0.708,-4.316,; modified - RJH 11/13/24 - was,1.799,0.711,-4.005,
,10001864,Solimpeks Solar Energy Corp,Wunder ALS,2110,2.07,0.72,-4.077,; modified - RJH 11/13/24 - was,2.07,0.733,-4.092,
,10001865,Solimpeks Solar Energy Corp,Wunder ALS,"2512, 2512-H",2.421,0.721,-4.063,; modified - RJH 11/13/24 - was,2.421,0.727,-4.021,
,10001866,Solimpeks Solar Energy Corp,Wunder ALS,3010,2.971,0.726,-4.196,; modified - RJH 11/13/24 - was,2.967,0.727,-3.994,
,2010070A,Solimpeks Solar Energy Corp,Wunder CLSF,1808,1.79,0.691,-3.63,,,,,
,2010070B,Solimpeks Solar Energy Corp,Wunder CLSF,2108,2.07,0.699,-3.64,,,,,
,2010070C,Solimpeks Solar Energy Corp,Wunder CLSF,2510,2.421,0.705,-3.64,,,,,
,10001719,Solimpeks Solar Energy Corp,Wunder CLSF,3010,2.967,0.701,-3.601,,,,,
,10002103,Soltek Puerto Rico LLC,Soltek,3476-7HE,1.499,0.761,0.658,; added - SAC 05/11/21,,,,
,10002144,SP Treatment Systems Inc.,Sustainable Products SWH,SP BlueWave 29,2.922,0.722,-3.838,; added RJH 11/13/24,,,,
,10002015B,Stiebel Eltron,Sol 29,Premium S,2.578,0.735,-4.85,; added RJH 11/13/24,,,,
,10002015A,Stiebel Eltron,Sol 29,Premium W,2.578,0.714,-4.124,; added RJH 11/13/24,,,,
,2005016A,Stiebel Eltron,Stiebel Eltron,Sol 25 Plus,2.734,0.66,-4.287,,,,,
,2011035A,Stiebel Eltron,Stiebel Eltron,SOL 27 Premium S,2.546,0.767,-4.018,,,,,
,2011036A,Stiebel Eltron,Stiebel Eltron,SOL 27 Premium W,2.546,0.749,-4.035,,,,,
,10002015,Stiebel Eltron,"Stiebel Eltron, Inc",Sol 29 Premium S/W,2.58,0.709,-3.942,,,,,
,2010122A,"Sun Freedom America, LLC",Sun Freedom America-SFA-4,TAL 4 S,2.78,0.678,-3.804,,,,,
,10002092,Sun Light & Power,Sol Vario,1000 DF,1.62,0.587,-1.627,,,,,
,10002091,Sun Light & Power,Sol Vario,2000 DF,3.242,0.587,-1.627,,,,,
,10002090,Sun Light & Power,Sol Vario,3000 DF,4.87,0.587,-1.627,,,,,
,10002104,Sunbank Solar,Sunbank Solar,SB-1200D,2,0.679,-4.653,; added - SAC 05/11/21,,,,
,10001780,"SunEarth, Inc.",CopperHeart,CP-20,1.182,0.674,-5.228,; added RJH 11/13/24,,,,
,10001779,"SunEarth, Inc.",CopperHeart,CP-40,2.319,0.674,-5.228,; added RJH 11/13/24,,,,
,2006024B/S-4579,"SunEarth, Inc.",Empire,EC-21,1.974,0.735,-4.041,,,,,
,2006024A/S-4579,"SunEarth, Inc.",Empire,EC-24 / EC-24-0.75,2.298,0.735,-4.041,,,,,
,2006024C/S-4579,"SunEarth, Inc.",Empire,EC-32 / EC-32-0.75,3.051,0.753,-4.106,,,,,
,2006024D/S-4579,"SunEarth, Inc.",Empire,EC-32-1.5,3.051,0.753,-4.106,,,,,
,2006024E/S-4579,"SunEarth, Inc.",Empire,EC-40 / EC-40-0.75,3.796,0.758,-4.125,,,,,
,2006024F/S-4579,"SunEarth, Inc.",Empire,EC-40-1.5,3.796,0.758,-4.125,,,,,
,2007032B,"SunEarth, Inc.",Empire,EP-21,1.961,0.726,-5.093,"; updated SRCC ID, was: 2007032B/S-4579 - SAC 05/11/21",1.961,0.726,-5.067,
,2007032C,"SunEarth, Inc.",Empire,EP-24 / EP-24-0.75,2.29,0.728,-5.101,"; updated SRCC ID, was: 2007032C/S-4579 - SAC 05/11/21",2.29,0.728,-5.077,
,2007032D,"SunEarth, Inc.",Empire,EP-32 / EP-32-0.75,3.125,0.726,-5.04,"; updated SRCC ID, was: 2007032D/S-4579 - SAC 05/11/21",3.051,0.744,-5.162,
,2007032E,"SunEarth, Inc.",Empire,EP-32-1.5,3.051,0.744,-5.162,"; updated SRCC ID, was: 2007032E/S-4579 - SAC 05/11/21",,,,
,2007032A,"SunEarth, Inc.",Empire,EP-40 / EP-40-0.75,3.8,0.744,-5.151,"; updated SRCC ID, was: 2007032A/S-4579 - SAC 05/11/21",,,,
,2007032F,"SunEarth, Inc.",Empire,EP-40-1.5,3.8,0.744,-5.151,"; updated SRCC ID, was: 2007032F/S-4579 - SAC 05/11/21",,,,
,10001825/S-4579,"SunEarth, Inc.",Imperial,IC-32,3.06,0.765,-4.079,,,,,
,10001824/S-4579,"SunEarth, Inc.",Imperial,IC-40,3.799,0.775,-4.125,,,,,
,10001823/S-4579,"SunEarth, Inc.",Imperial,IS-32,3.06,0.726,-3.701,,,,,
,10001822/S-4579,"SunEarth, Inc.",Imperial,IS-40,3.799,0.736,-3.743,,,,,
,2006025B,"SunEarth, Inc.",SunBelt,SB-24-0.75,2.29,0.661,-6.579,"; updated SRCC ID, was: 2006025B/S-4579 - SAC 05/11/21",,,,
,2006025A,"SunEarth, Inc.",SunBelt,SB-32-0.75,3.058,0.673,-6.674,"; updated SRCC ID, was: 2006025A/S-4579 - SAC 05/11/21",,,,
,2006025C,"SunEarth, Inc.",SunBelt,SB-40-0.75,3.796,0.681,-6.742,"; updated SRCC ID, was: 2006025C/S-4579 - SAC 05/11/21",,,,
,10002157,"SunEarth, Inc.",ThermoRay,TR-20,1.922,0.701,-6.778,; added RJH 11/13/24,,,,
,10002156,"SunEarth, Inc.",ThermoRay,TR-26,2.495,0.705,-6.777,; added RJH 11/13/24,,,,
,10002150,"SunEarth, Inc.",ThermoRay,TR-32,3.048,0.707,-6.6,; added RJH 11/13/24,,,,
,10002155,"SunEarth, Inc.",ThermoRay,TR-40,3.108,0.709,-6.801,; added RJH 11/13/24,,,,
,10002146,"SunEarth, Inc.",ThermoRay,TRB-20,1.91,0.738,-4.133,; added RJH 11/13/24,,,,
,10002071,"SunEarth, Inc.",ThermoRay,TRB-26,2.494,0.74,-4.115,; modified - RJH 11/13/24 - was,2.31,,,
,10001804,"SunEarth, Inc.",ThermoRay,TRB-32,3.05,0.765,-4.333,"; updated SRCC ID, was: 10001804/S-4579 - SAC 05/11/21",,0.751,-4.167,
,10001803,"SunEarth, Inc.",ThermoRay,TRB-40,3.804,0.753,-4.172,"; updated SRCC ID, was: 10001803/S-4579 - SAC 05/11/21",,,,
,2008029A,SunMaxx Solar LLC,SunMaxx,TitanPower-AL2,2.176,0.702,-3.6427,; modified - RJH 11/13/24 - was,2.176,0.709,-4.466,
,2012031B,SunMaxx Solar LLC,ThermoPower,ThermoPower VDF10,1.069,0.674,-2.026,"; renamed model, was: ThermoPower UDF10 - SAC 05/12/21",1.355,0.416,-1.076,
,2012031F,SunMaxx Solar LLC,ThermoPower,ThermoPower VDF20,2.214,0.674,-2.026,"; renamed model, was: ThermoPower UDF20 - SAC 05/12/21",2.504,0.416,-1.076,
,2012031H,SunMaxx Solar LLC,ThermoPower,ThermoPower VDF30,3.331,0.674,-2.026,"; renamed model, was: ThermoPower UDF30 - SAC 05/12/21",3.654,0.416,-1.076,
,2012024A,SunMaxx Solar LLC,ThermoPower,ThermoPower VHP20,3.327,0.43,-1.797,; modified - RJH 11/13/24 - was,3.476,0.406,-1.753,
,2012024B,SunMaxx Solar LLC,ThermoPower,ThermoPower VHP30,5,0.43,-1.797,; modified - RJH 11/13/24 - was,5.241,0.406,-1.753,
,10001868,SunMaxx Solar LLC,TitanPower,TitanPower-ALDH29,2.721,0.739,-3.982,,,,,
,10002011,SunMaxx Solar LLC,TitanPower,TitanPower-ALDH29-27A,2.72,0.751,-4.384,,,,,
,10002010,SunMaxx Solar LLC,TitanPower,TitanPower-ALDH29-A,2.714,0.728,-4.158,,,,,
,10001891,SunMaxx Solar LLC,TitanPower,TitanPower-ALDH40-PS,3.69,0.745,-4.691,,,,,
,10002018,SunMaxx Solar LLC,TitanPowerPlus,TitanPowerPlus-ALDH29P,2.65,0.838,-4.792,,,,,
,10002034,SunMaxx Solar LLC,TitanPowerPlus,TitanPowerPlus-ALDH29-V3,2.74,0.747,-4.38,,,,,
,2011128B,"SunQest, Inc.",Fresource,G32,3.096,0.717,-4.826,,,,,
,2011128A,"SunQest, Inc.",Fresource,G40,3.642,0.718,-4.674,,,,,
,2011129B,"SunQest, Inc.",Fresource,T32,3.104,0.745,-9.727,,,,,
,2011129A,"SunQest, Inc.",Fresource,T40,3.633,0.728,-8.09,,,,,
,2011129C,"SunQest, Inc.",Fresource,T48,4.774,0.744,-4.508,,,,,
,2011129D,"SunQest, Inc.",Fresource,T56,5.549,0.745,-3.295,,,,,
,2007049A,"Sunsiaray Solar Manufacturing, Inc.",Northern Comfort,NC-32,3.179,0.632,-5.072,,,,,
,2009038A,SunTrac USA,SunTrac,"STS-TC32R, STS-TC24R",2.999,0.558,-2.925,"; manufact. & model renamed, model was: SunTrac27 - SAC 05/12/21",; modified - RJH 11/13/24 - was,0.697,-2.587,
,S-8624,"SunUP Solar Systems, Inc",SunUp,HP408,2.987,0.7515,-4.214,,,,,
,S-8624,"SunUP Solar Systems, Inc",SunUp,HP408C,2.993,0.7565,-5.0969,,,,,
,S-8624,"SunUP Solar Systems, Inc",SunUp,HP408Cu,2.99,0.7605,-5.2109,,,,,
,S-8624,"SunUP Solar Systems, Inc",SunUp,HP410,3.719,0.7593,-4.2349,,,,,
,S-8624,"SunUP Solar Systems, Inc",SunUp,HP410C,3.71,0.7565,-5.0969,,,,,
,S-8624,"SunUP Solar Systems, Inc",SunUp,HP410Cu,3.71,0.7719,-5.2109,,,,,
,10002089,"Sunvapor, Inc.",SUNVAPOR,SRT-13S,13.166,0.799,-4.294,,,,,
,10001999,Sunvelope Solar,SUNVELOPE SOLAR,FPE-17,1.687,0.65,-7.64,,,,,
,10001919,Sunvelope Solar,Sunvelope Solar,FPE-21,2.069,0.655,-7.315,,,,,
,10001928,Sunvelope Solar,Sunvelope Solar,FPE-30,2.952,0.662,-6.87,,,,,
,2009090A,Surface Power,Surface Power,SP501,1.673,0.423,-1.667,,,,,
,2008020A,"Tec-Solar Energy Industry Co., Ltd.",TecSolar,TS-10-58PA,1.678,0.363,-1.424,,,,,
,2009001A,"Tec-Solar Energy Industry Co., Ltd.",TecSolar,TS-10-70PA,2.04,0.387,-1.325,,,,,
,2008020B,"Tec-Solar Energy Industry Co., Ltd.",TecSolar,TS-20-58PA,3.232,0.363,-1.424,,,,,
,2009001B,"Tec-Solar Energy Industry Co., Ltd.",TecSolar,TS-20-70PA,3.824,0.387,-1.325,,,,,
,2008020C,"Tec-Solar Energy Industry Co., Ltd.",TecSolar,TS-22-58PA,3.545,0.363,-1.424,,,,,
,2008020D,"Tec-Solar Energy Industry Co., Ltd.",TecSolar,TS-24-58PA,3.858,0.363,-1.424,,,,,
,2008020E,"Tec-Solar Energy Industry Co., Ltd.",TecSolar,TS-30-58PA,4.796,0.363,-1.424,,,,,
,2009007A,"Thermo Dynamics, Ltd.",Micro-Flo,S32-P,2.976,0.694,-4.811,,,,,
,2006005A,"Thermo Dynamics, Ltd.",Thermo Dynamics G Series,G32-P,2.982,0.7,-4.934,,,,,
,10002014,TIGI Ltd.,Honeycomb Collector,HC1-A,2.088,0.672,-2.115,,,,,
,10002046,Trigo Energies Inc.,Trigo,Acero,2.645,0.666,-4.877,,,,,
,10002046,Trigo Energies Inc.,Trigo,Acero GL,2.625,0.666,-4.877,,,,,
,10002050,Trigo Energies Inc.,Trigo,Fresco,5.25,0.722,-5.146,,,,,
,10002050,Trigo Energies Inc.,Trigo,Fresco GL,5.25,0.722,-5.146,,,,,
,2007034A,"Tsinghua Solar Systems, Ltd.",Tsinghua Solar,SLU-1500/12,1.229,0.537,-2.531,,,,,
,2007034B,"Tsinghua Solar Systems, Ltd.",Tsinghua Solar,SLU-1800/24,2.974,0.537,-2.531,,,,,
,2007052B,TSW Holding Corp.,TiSUN,FA 2/3,6.1,0.732,-4.068,,,,,
,2007052A,TSW Holding Corp.,TiSUN,FA 2/4,8.076,0.714,-3.96,,,,,
,2007052C,TSW Holding Corp.,TiSUN,FA 2/5,10.1,0.738,-4.098,,,,,
,2007052D,TSW Holding Corp.,TiSUN,FA 2/6,12.1,0.737,-4.087,,,,,
,2007054A,TSW Holding Corp.,TiSUN,FM-W/S 4,2.552,0.739,-4.097,,,,,
,10002057,TVP Solar,MT-Power,v4,1.96,0.757,-1.553,; modified - RJH 11/13/24 - was,,0.745,-1.455,
,10002138,Tychon LLC,ER3,JDL-PG2.0-80,2,0.641,-4.018,; added RJH 11/13/24,,,,
,10001782,UMA Solar,Eco Spark,SLES-30,2.866,0.743,-17.788,,,,,
,10001781,UMA Solar,Eco Spark,SLES-40,3.961,0.743,-16.858,,,,,
,2010037A,"Universal Solar Products, Inc.","Universal Solar Products, Inc.",USP-519,1.67,0.661,-4.86,; modified - RJH 11/13/24 - was,1.685,0.646,-4.772,
,10002151,"Universal Solar Products, Inc.","Universal Solar Products, Inc.",USP-619,1.67,0.75,-4.597,; added RJH 11/13/24,,,,
,2007042A,Viessmann Manufacturing Company (US) Inc.,Vitosol,"100-F, SV1/SH1",2.494,0.776,-4.427,,,,,
,10002027,Viessmann Manufacturing Company (US) Inc.,Vitosol,100-FM SH1F,2.51,0.743,-5.658,,,,,
,10002025,Viessmann Manufacturing Company (US) Inc.,Vitosol,100-FM SV1F,2.51,0.744,-5.674,,,,,
,10002028,Viessmann Manufacturing Company (US) Inc.,Vitosol,100-FM SVKF,2.182,0.747,-5.783,,,,,
,10001924,Viessmann Manufacturing Company (US) Inc.,Vitosol,200-F Sv2C/SH2C,2.513,0.787,-5.194,,,,,
,10001867,Viessmann Manufacturing Company (US) Inc.,Vitosol,200-F SVK,2.182,0.719,-4.269,,,,,
,10002026,Viessmann Manufacturing Company (US) Inc.,Vitosol,200-FM SH2F,2.51,0.754,-6.04,,,,,
,10002029,Viessmann Manufacturing Company (US) Inc.,Vitosol,200-FM SV2F,2.51,0.752,-5.743,,,,,
,10001883,Viessmann Manufacturing Company (US) Inc.,Vitosol,200-T SP2A - 1.26,1.983,0.508,-1.256,,,,,
,10001882,Viessmann Manufacturing Company (US) Inc.,Vitosol,200-T SP2A - 1.51,2.36,0.508,-1.256,,,,,
,10001881,Viessmann Manufacturing Company (US) Inc.,Vitosol,200-T SP2A - 3.03,4.619,0.508,-1.256,,,,,
,10001827,Viessmann Manufacturing Company (US) Inc.,Vitosol,200-T SPE - 1.63,2.757,0.434,-1.411,,,,,
,10001826,Viessmann Manufacturing Company (US) Inc.,Vitosol,200-T SPE - 3.26,5.401,0.434,-1.411,,,,,
,2005020A,Viessmann Manufacturing Company (US) Inc.,Vitosol,"300-T, SP3 -2m2",2.878,0.509,-1.095,,,,,
,2005020B,Viessmann Manufacturing Company (US) Inc.,Vitosol,"300-T, SP3 -3m2",4.287,0.509,-1.095,,,,,
,2011101A,Wagner Solar Inc.,Euro,Euro L42 HTF,2.248,0.692,-4.167,,,,,
,10001776,Wagner Solar Inc.,EURO L20 AR,EURO L20 AR,2.613,0.746,-3.876,,,,,
,10001775,Wagner Solar Inc.,EURO L20 MQ AR,L20 MQ AR,2.613,0.746,-3.992,,,,,
,2012005B,"Westech Solar Technology Wuxi Co., Ltd.",Westech,WT-B58-10,1.807,0.371,-1.225,,,,,
,2012005C,"Westech Solar Technology Wuxi Co., Ltd.",Westech,WT-B58-15,2.682,0.371,-1.225,,,,,
,2012005D,"Westech Solar Technology Wuxi Co., Ltd.",Westech,WT-B58-20,3.431,0.371,-1.225,,,,,
,2012005E,"Westech Solar Technology Wuxi Co., Ltd.",Westech,WT-B58-24,4.08,0.371,-1.225,,,,,
,2012005A,"Westech Solar Technology Wuxi Co., Ltd.",Westech,WT-B58-30,5.055,0.371,-1.225,,,,,
,2012041B,"Your Home Tech., Ltd.",YUHO,HP-2010,2.073,0.665,-6.041,,,,,
,2012041C,"Your Home Tech., Ltd.",YUHO,HP-2012,2.465,0.669,-5.581,,,,,
,2012041A,"Your Home Tech., Ltd.",YUHO,HP-2014,2.859,0.671,-5.236,,,,,
,2006008C,"Your Solar Home, Inc.",SolarSheat,1000G,1.204,0.49,-6.991,,,,,
,2006008D,"Your Solar Home, Inc.",SolarSheat,1000GS,1.578,0.49,-6.991,,,,,
,2006008B,"Your Solar Home, Inc.",SolarSheat,1500G,2.051,0.49,-6.991,,,,,
,2006008A,"Your Solar Home, Inc.",SolarSheat,1500GS,2.428,0.49,-6.991,,,,,
,2011063B,"Zhejiang Jiadele Solar Energy Co., Ltd.",JIADELE,JDL-PM10-58-1.8A,1.602,0.316,-1.258,,,,,
,2011063C,"Zhejiang Jiadele Solar Energy Co., Ltd.",JIADELE,JDL-PM15-58-1.8A,2.348,0.316,-1.258,,,,,
,2011063D,"Zhejiang Jiadele Solar Energy Co., Ltd.",JIADELE,JDL-PM18-58-1.8A,2.795,0.316,-1.258,,,,,
,2011063E,"Zhejiang Jiadele Solar Energy Co., Ltd.",JIADELE,JDL-PM20-58-1.8A,3.093,0.316,-1.258,,,,,
,2011063F,"Zhejiang Jiadele Solar Energy Co., Ltd.",JIADELE,JDL-PM25-58-1.8A,3.839,0.316,-1.258,,,,,
,2011063A,"Zhejiang Jiadele Solar Energy Co., Ltd.",JIADELE,JDL-PM30-58-1.8A,4.584,0.316,-1.258,,,,,
,2011063G,"Zhejiang Jiadele Solar Energy Co., Ltd.",JIADELE,JDL-PM36-58-1.8A,5.479,0.316,-1.258,,,,,
,10001861,"Zhejiang Shende New Energy Co.,Ltd.",DLL,DLL-C-P01-15,2.401,0.401,-1.379,,,,,
,10001862,"Zhejiang Shende New Energy Co.,Ltd.",DLL,DLL-C-P01-20,3.145,0.401,-1.379,,,,,
,10001860,"Zhejiang Shende New Energy Co.,Ltd.",DLL,DLL-C-P01-30,4.633,0.401,-1.379,,,,,
,2009004A,"Zhejiang Shentai Solar Energy Co., Ltd.",Suntask,SR10,1.591,0.422,-1.864,,,,,
,2009004D,"Zhejiang Shentai Solar Energy Co., Ltd.",Suntask,SR15,2.322,0.422,-1.864,,,,,
,2009004B,"Zhejiang Shentai Solar Energy Co., Ltd.",Suntask,SR20,3.07,0.422,-1.864,,,,,
,2009004C,"Zhejiang Shentai Solar Energy Co., Ltd.",Suntask,SR30,4.673,0.422,-1.864,,,,,
,2011103B,"Zhejiang Sidite New Energy Co., Ltd.",Sidite,SC-H-10,1.609,0.343,-1.209,,,,,
,2011103C,"Zhejiang Sidite New Energy Co., Ltd.",Sidite,SC-H-15,2.35,0.343,-1.209,,,,,
,2011103D,"Zhejiang Sidite New Energy Co., Ltd.",Sidite,SC-H-18,2.795,0.343,-1.209,,,,,
,2011103A,"Zhejiang Sidite New Energy Co., Ltd.",Sidite,SC-H-20,3.091,0.343,-1.209,,,,,
,2011103E,"Zhejiang Sidite New Energy Co., Ltd.",Sidite,SC-H-24,3.683,0.343,-1.209,,,,,
,2011103F,"Zhejiang Sidite New Energy Co., Ltd.",Sidite,SC-H-30,4.572,0.343,-1.209,,,,,
,2011107B,"Zhejiang Yuanneng New Energy Co., Ltd.",Younn,YN58-10,1.689,0.412,-1.163,,,,,
,2011107C,"Zhejiang Yuanneng New Energy Co., Ltd.",Younn,YN58-15,2.456,0.412,-1.163,,,,,
,2011107D,"Zhejiang Yuanneng New Energy Co., Ltd.",Younn,YN58-20,3.224,0.412,-1.163,,,,,
,2011107E,"Zhejiang Yuanneng New Energy Co., Ltd.",Younn,YN58-25,3.992,0.412,-1.163,,,,,
,2011107A,"Zhejiang Yuanneng New Energy Co., Ltd.",Younn,YN58-30,4.759,0.412,-1.163,,,,,
ENDTABLE,,,,,,,,,,,,
